feature,importance
ohe__flat_type_EXECUTIVE,0.0918727
ohe__flat_type_3 ROOM,0.06457532
num__flat_age,0.04646741
num__floor_area_sqm,0.041439697
ohe__flat_type_2 ROOM,0.034902018
ohe__flat_type_1 ROOM,0.03446764
ohe__block_259,0.0309933
num__latitude,0.027084874
num__geo_cluster,0.024519391
ohe__block_299A,0.023075694
num__lease_commence_date,0.020801114
ordinal__flat_model,0.017737528
ohe__flat_type_MULTI-GENERATION,0.017343795
num__storey_median,0.010653594
num__longitude,0.009889379
num__remaining_lease,0.009780365
ohe__flat_type_5 ROOM,0.009661585
ohe__block_280B,0.008270159
ohe__flat_type_4 ROOM,0.007989399
ohe__block_80C,0.0067158253
ordinal__town,0.0066853426
ohe__block_292A,0.0061373855
ordinal__street_name,0.0045447787
ohe__block_783A,0.0044724913
num__sentiment_convenience,0.004183573
ohe__block_635A,0.0039842688
num__walking_time_min,0.00375857
num__sentiment_amenities,0.0033602559
ohe__block_96A,0.003245461
ohe__block_187A,0.0031851453
num__mrt_distance_km,0.0030412255
ohe__block_282A,0.0028702503
ohe__block_853,0.0024408563
ohe__block_460,0.0022517615
ohe__block_180,0.0022201191
ohe__block_114,0.0021796427
ohe__block_556,0.0021643797
ohe__block_312,0.002153268
ohe__block_807B,0.0021490983
ordinal__nearest_mrt,0.0021245622
num__sentiment_general,0.002100176
num__sentiment_property,0.0020562038
ohe__block_127A,0.0020381112
ohe__block_805D,0.0020038506
ohe__block_212A,0.0017579335
ohe__block_628,0.0017229241
ohe__block_669D,0.0017191434
num__mrt_accessibility,0.0016344424
ohe__block_78,0.001585346
ohe__block_306B,0.0015654835
ohe__block_716,0.0014903401
ohe__block_324C,0.0014821498
ohe__block_517D,0.001405219
ohe__storey_range_01 TO 03,0.0013673449
ohe__block_243,0.0013659706
ohe__block_623,0.0013611871
ohe__block_671A,0.0013293946
ohe__block_91A,0.001327559
ohe__block_269B,0.0012681856
ohe__block_108B,0.0012592248
ohe__block_441,0.0012194832
num__walking_distance_m,0.001151823
ohe__block_181A,0.0011454805
ohe__block_95C,0.0011259163
ohe__block_26,0.001099152
ohe__block_433,0.0010733842
ohe__block_967,0.001065966
ohe__block_122C,0.0010552668
ohe__block_23,0.0010531245
ohe__block_489C,0.001036851
ohe__block_175A,0.0010311181
ohe__block_436C,0.0010048832
ohe__block_672B,0.000976501
ohe__block_28A,0.0009696025
ohe__block_858,0.00095345697
ohe__block_932,0.00094189675
ohe__block_219A,0.0009341377
ohe__block_444,0.0009318963
ohe__block_57,0.0009277081
ohe__block_417A,0.0009250343
ohe__block_3D,0.00092209486
ohe__block_517A,0.00091394386
ohe__block_141,0.0009096345
ohe__block_262B,0.0008818307
ohe__block_418,0.00087591936
ohe__block_309A,0.0008708044
ohe__block_811A,0.0008673294
ohe__block_111B,0.00086584064
ohe__block_857,0.0008487364
ohe__block_287,0.0008447165
ohe__block_940,0.0008310628
ohe__block_44,0.00082289794
ohe__block_32,0.0008088327
ohe__block_99A,0.00080670224
ohe__block_233A,0.00080345816
ohe__block_109B,0.0007976863
ohe__block_139,0.00078089174
ohe__block_856B,0.0007757476
ohe__block_242,0.0007528009
ohe__block_585,0.0007361353
ohe__block_69,0.00071602553
ohe__block_822,0.000713083
ohe__block_641,0.00071191747
ohe__block_163B,0.000700433
ohe__block_588D,0.00069725595
ohe__block_611,0.00068569195
ohe__block_490,0.0006766302
ohe__block_303C,0.0006741185
ohe__block_856C,0.0006713366
ohe__block_118A,0.0006662582
ohe__block_335B,0.00066584744
ohe__block_201E,0.00066215196
ohe__block_2A,0.00066147535
ohe__block_219,0.00066117424
ohe__block_430B,0.0006607169
ohe__block_143,0.00065943325
ohe__block_488A,0.0006592515
ohe__block_647,0.0006579167
ohe__block_27,0.00065491704
ohe__block_163,0.0006526235
ohe__block_434B,0.00065125036
ohe__block_272D,0.0006510142
ohe__block_695,0.00063246395
ohe__block_693A,0.0006279906
ohe__block_182,0.000618783
ohe__block_4A,0.00061179616
ohe__block_118,0.0006116289
ohe__block_449B,0.0006101896
ohe__block_38A,0.00060255016
ohe__block_572A,0.00059233326
ohe__block_51,0.00059017114
ohe__block_856D,0.0005816288
ohe__block_189,0.0005809649
ohe__block_257,0.0005805826
ohe__block_7,0.0005801535
ohe__block_4B,0.0005773506
ohe__block_282C,0.000576074
ohe__block_524,0.0005752635
ohe__block_349,0.00057280186
ohe__block_544,0.0005700935
ohe__block_352,0.00056845084
ohe__block_273A,0.00056441245
ohe__block_76A,0.0005619184
ohe__block_282B,0.00055882934
ohe__block_9A,0.0005583913
ohe__block_80A,0.0005581153
ohe__block_287D,0.0005577227
ohe__block_690B,0.00055642286
ohe__block_766,0.00055502396
ohe__block_4,0.0005546097
ohe__block_623C,0.0005540434
ohe__block_307,0.00055330497
ohe__block_223A,0.0005493345
ohe__block_145,0.0005481308
ohe__block_629,0.0005432195
ohe__block_588B,0.00054035045
ohe__block_535A,0.00053922966
ohe__block_233,0.0005386096
ohe__block_11,0.00053546496
ohe__block_189A,0.00053372746
ohe__block_216,0.00052880275
ohe__block_588A,0.0005266505
ohe__block_311,0.00052596076
ohe__block_180C,0.0005242935
ohe__block_582,0.00052294304
ohe__block_79A,0.00052205153
ohe__block_666,0.000520461
ohe__block_106A,0.0005194814
ohe__block_48,0.0005182155
ohe__block_586,0.00051767763
ohe__block_127D,0.00051751715
ohe__block_255,0.00051524874
ohe__block_677,0.00051211513
ohe__block_109,0.0005121009
ohe__block_103,0.00051146356
ohe__block_291,0.0005094746
ohe__block_6,0.0005077088
ohe__block_286,0.0005074271
ohe__block_512,0.0005045807
ohe__block_237,0.00050214893
ohe__block_275A,0.0005003451
ohe__block_930,0.0004951522
ohe__block_836,0.00049090787
ohe__block_279,0.00048957684
ohe__block_213A,0.0004887689
ohe__block_619B,0.00048753008
ohe__block_266,0.000485807
ohe__block_112B,0.00048090258
ohe__block_335C,0.000480628
ohe__block_856F,0.00047868514
ohe__block_363,0.00047781706
ohe__block_2D,0.00047745326
ohe__block_681C,0.00047686466
ohe__block_499B,0.00047534113
ohe__block_74A,0.00047492824
ohe__block_816,0.0004747224
ohe__block_879,0.0004741199
ohe__block_359,0.00047200048
ohe__block_14,0.00047168275
ohe__block_617,0.00047168203
ohe__block_661,0.00047081336
ohe__block_371,0.00046963897
ohe__block_22,0.0004692505
ohe__block_855,0.00046707405
ohe__block_53,0.000464337
ohe__block_216A,0.000463549
ohe__block_80,0.0004628805
ohe__block_440C,0.00046170887
ohe__block_82B,0.00046008444
ohe__block_978,0.0004599697
ohe__block_3B,0.00045761905
ohe__block_288A,0.0004561746
ohe__block_650,0.00045299123
ohe__block_605,0.00045235245
ohe__block_43,0.0004510756
ohe__block_132,0.00044815594
ohe__block_259C,0.00044717485
ohe__block_2,0.0004471313
ohe__block_525,0.00044086584
ohe__block_2C,0.00043622113
ohe__block_12,0.00043541953
ohe__block_263,0.0004346618
ohe__block_682C,0.0004330035
ohe__block_856E,0.00043296674
ohe__block_58,0.0004327633
ohe__block_452,0.00043225646
ohe__block_498J,0.0004316985
ohe__block_310,0.00043148984
ohe__block_383,0.00043143562
ohe__block_790,0.00042883644
ohe__block_18A,0.0004271554
ohe__block_62,0.0004269326
ohe__block_164A,0.00042532492
ohe__block_33,0.0004252134
ohe__block_694,0.0004236935
ohe__block_323,0.00042357077
ohe__block_726,0.0004197649
ohe__block_867A,0.00041936562
ohe__block_27B,0.00041616103
ohe__block_684B,0.00041526312
ohe__block_274B,0.00041489396
ohe__block_122,0.00041355984
ohe__block_372,0.00041144536
ohe__block_262,0.00041115127
ohe__block_672A,0.00040967
ohe__block_700A,0.00040755674
ohe__block_61B,0.00040730197
ohe__block_335,0.0004069807
ohe__block_223,0.00040561613
ohe__block_179,0.00040466682
ohe__block_613B,0.00040381626
ohe__block_26A,0.00040310225
ohe__block_14A,0.00040146348
ohe__block_10D,0.0004013333
ohe__block_808C,0.00039772756
ohe__block_269C,0.00039738583
ohe__block_194A,0.00039503377
ohe__block_417,0.0003949714
ohe__block_321,0.0003948519
ohe__block_401,0.00039471794
ohe__block_79B,0.00039379357
ohe__block_643,0.0003923555
ohe__block_262A,0.0003918938
ohe__block_355,0.00039069966
ohe__block_130A,0.00038987273
ohe__block_554,0.00038829283
ohe__block_312C,0.00038802848
ohe__block_7A,0.00038537875
ohe__block_332,0.000383395
ohe__block_895A,0.0003816825
ohe__block_416,0.00037907937
ohe__block_178D,0.00037735896
ohe__block_288D,0.0003770365
ohe__block_324,0.000375984
ohe__block_268D,0.00037580382
ohe__block_160,0.00037395602
ohe__block_181,0.00037379583
ohe__block_221,0.0003728195
ohe__block_888,0.00037277225
ohe__block_34,0.00037222262
ohe__block_257C,0.0003707566
ohe__block_168,0.0003689897
ohe__block_316A,0.00036788912
ohe__block_124,0.00036685128
ohe__block_666A,0.00036624228
ohe__block_588,0.00036431043
ohe__block_521,0.00036219732
ohe__block_724,0.00036217057
ohe__block_139A,0.00036079905
ohe__block_10B,0.00036073453
ohe__block_693,0.00036036194
ohe__block_503,0.00035942942
ohe__block_352C,0.0003594114
ohe__block_60,0.00035741823
ohe__block_177,0.0003562269
ohe__block_849,0.000356176
ohe__block_193,0.00035545081
ohe__block_279C,0.00035482194
ohe__block_308,0.00035429263
ohe__storey_range_25 TO 27,0.00035380892
ohe__block_813,0.00035148996
ohe__block_138,0.00035027848
ohe__block_314,0.0003502688
ohe__block_443A,0.00034889852
ohe__block_267,0.00034865108
ohe__block_264,0.00034824398
ohe__block_8A,0.00034818982
ohe__block_219C,0.00034648957
ohe__block_851,0.00034631282
ohe__block_649,0.00034559093
ohe__block_678C,0.00034507253
ohe__block_106,0.0003429934
ohe__block_147,0.00034290587
ohe__block_153A,0.00034287086
ohe__block_178,0.0003414006
ohe__block_543,0.0003408708
ohe__block_852,0.00034064305
ohe__block_18,0.0003404632
ohe__block_108C,0.0003388808
ohe__block_13,0.00033887228
ohe__block_472,0.00033880168
ohe__block_8,0.00033789643
ohe__block_186,0.00033779207
ohe__block_36,0.00033715353
ohe__block_63A,0.00033617046
ohe__block_297,0.00033561993
ohe__block_767,0.00033561658
ohe__block_302A,0.00033522295
ohe__block_157B,0.0003349834
ohe__block_302B,0.0003348214
ohe__block_10,0.00033420118
ohe__block_322,0.00033415906
ohe__block_253,0.00033263242
ohe__block_201,0.00033243527
ohe__block_448,0.0003321081
ohe__block_184,0.00033151242
ohe__block_130,0.00033074064
ohe__block_61C,0.0003300408
ohe__block_315B,0.00032931071
ohe__block_239,0.00032891225
ohe__storey_range_16 TO 18,0.0003282202
ohe__block_574,0.00032622094
ohe__block_511,0.00032591593
ohe__block_8B,0.0003256714
ohe__block_234,0.00032495847
ohe__block_788,0.00032478492
ohe__block_5,0.00032433477
ohe__block_648,0.00032391635
ohe__block_413A,0.00032288444
ohe__block_373,0.00032284352
ohe__block_406,0.00032271564
ohe__block_38,0.00032230618
ohe__storey_range_46 TO 48,0.00032222216
ohe__block_245,0.0003220895
ohe__block_240A,0.00032117244
ohe__block_157C,0.00032102675
ohe__block_506,0.0003209495
ohe__block_161,0.00032079362
ohe__block_668,0.0003206384
ohe__block_16,0.00032016408
ohe__block_306D,0.0003198563
ohe__block_928,0.00031965555
ohe__block_292,0.00031844544
ohe__block_323A,0.0003182645
ohe__block_152,0.0003180392
ohe__block_121,0.00031785312
ohe__block_439,0.0003171982
ohe__block_214,0.0003146978
ohe__block_213B,0.00031432853
ohe__block_19,0.0003143189
ohe__block_126A,0.00031376156
ohe__block_188D,0.0003135066
ohe__block_685,0.00031187918
ohe__block_174,0.00031176436
ohe__block_111A,0.00031023572
ohe__block_415C,0.0003099218
ohe__block_79C,0.00030913734
ohe__block_679,0.00030863957
ohe__block_316D,0.00030861297
ohe__block_615,0.0003083147
ohe__block_28D,0.00030755167
ohe__block_15,0.00030727504
ohe__block_729,0.00030651366
ohe__block_63B,0.00030636208
ohe__block_38B,0.0003061289
ohe__block_163A,0.00030549604
num__walking_convenience,0.00030481897
ohe__block_131B,0.00030405723
ohe__block_927,0.0003036326
ohe__block_906,0.00030350033
ohe__block_28C,0.0003032608
ohe__block_997C,0.00030308263
ohe__block_280A,0.0003027565
ohe__block_445,0.00030191097
ohe__block_265,0.0002990058
ohe__block_768,0.00029772558
ohe__block_288E,0.000297698
ohe__block_285A,0.00029720756
ohe__block_116A,0.0002971467
ohe__block_105,0.00029692161
ohe__block_228B,0.00029647903
ohe__block_286B,0.0002963878
ohe__block_296,0.00029636305
ohe__block_505,0.000295841
ohe__block_667D,0.00029582178
ohe__block_238,0.0002948432
ohe__block_710,0.00029478356
ohe__block_26B,0.00029468825
ohe__block_295B,0.00029451738
ohe__block_626,0.00029398274
ohe__block_304,0.00029326632
ohe__block_785,0.0002930806
ohe__block_420,0.00029303218
ohe__block_117,0.0002928058
ohe__block_935,0.00029184652
ohe__block_202,0.0002916329
ohe__block_302D,0.00029151887
ohe__block_862,0.00029126887
ohe__block_354C,0.0002912042
ohe__block_653A,0.00029062055
ohe__block_162,0.00029028463
ohe__block_158B,0.0002896572
ohe__block_700C,0.00028939958
ohe__block_35,0.000289262
ohe__block_273,0.00028814242
ohe__block_168D,0.00028808022
ohe__block_321A,0.00028803915
ohe__block_149,0.00028630765
ohe__block_423,0.00028471538
ohe__block_133,0.00028441555
ohe__block_59,0.00028217153
ohe__block_337,0.0002821121
ohe__block_125,0.00028198434
ohe__block_542,0.0002807693
ohe__block_262C,0.00028041587
ohe__block_408,0.00027992527
ohe__block_435C,0.00027936668
ohe__block_113A,0.00027889552
ohe__block_426,0.00027876568
ohe__block_508,0.00027849895
ohe__block_138C,0.00027818847
ohe__block_774,0.00027734978
ohe__block_686B,0.00027607218
ohe__block_134,0.00027598834
ohe__block_313,0.0002759251
ohe__block_680,0.00027535798
ohe__block_26C,0.00027527468
ohe__block_285C,0.00027499592
ohe__block_294,0.0002743566
ohe__block_393,0.0002742081
ohe__block_551,0.00027379987
ohe__block_791,0.00027378064
ohe__block_119,0.00027266983
ohe__block_760,0.0002724163
ohe__block_75B,0.0002722999
ohe__block_803A,0.0002722066
ohe__block_796,0.00027211447
ohe__block_405,0.00027200798
ohe__block_289A,0.00027197818
ohe__block_658,0.00027192582
ohe__block_118D,0.0002718549
ohe__block_46,0.00027178266
ohe__block_517E,0.00027159954
ohe__block_677D,0.00027079953
ohe__block_466,0.0002705438
ohe__block_3,0.0002699328
ohe__block_463C,0.00026933296
ohe__block_72,0.00026886846
ohe__block_185,0.00026856532
ohe__block_241,0.0002675703
ohe__block_146,0.0002664612
ohe__block_871,0.00026640625
ohe__block_731,0.00026574483
ohe__block_257A,0.0002656178
ohe__block_166B,0.0002654436
ohe__block_671B,0.00026499538
ohe__block_467,0.00026429238
ohe__block_4C,0.0002642678
ohe__block_410,0.0002622136
ohe__block_327C,0.0002616476
ohe__block_95A,0.00026120248
ohe__block_278A,0.0002608846
ohe__block_459,0.0002603119
ohe__block_325,0.0002597978
ohe__block_247,0.0002592306
ohe__block_334,0.00025921004
ohe__block_811,0.00025855014
ohe__block_562,0.00025854367
ohe__block_660C,0.00025727338
ohe__block_120C,0.0002569874
ohe__block_613A,0.00025697958
ohe__block_427,0.00025691465
ohe__block_722,0.00025660015
ohe__block_41,0.00025542086
ohe__block_697C,0.00025528125
ohe__block_354,0.00025496286
ohe__block_1B,0.00025485255
ohe__block_733,0.00025460194
ohe__block_676B,0.00025440785
ohe__block_827,0.0002539448
ohe__block_651,0.00025271706
ohe__block_748C,0.00025215955
ohe__block_150,0.0002518493
ohe__block_686C,0.00025177325
ohe__block_874A,0.00025165651
ohe__block_609,0.00025120893
ohe__block_9B,0.00025097365
ohe__block_859,0.00025063733
ohe__block_326,0.00025012693
ohe__block_104A,0.0002499268
ohe__block_471,0.0002498888
ohe__block_336,0.0002494948
ohe__block_74,0.00024925594
ohe__block_842B,0.0002481516
ohe__block_692B,0.00024723
ohe__block_42,0.0002460024
ohe__block_461,0.00024545597
ohe__block_17,0.00024527442
ohe__block_173,0.00024513822
ohe__block_277C,0.000245135
ohe__block_527A,0.00024497794
ohe__block_131,0.00024493845
ohe__block_869A,0.00024388457
ohe__block_670B,0.00024384464
ohe__block_180D,0.00024376476
ohe__block_869,0.00024369256
ohe__block_20,0.00024368858
ohe__block_9,0.00024348088
ohe__block_618D,0.00024250346
ohe__block_404,0.00024207265
ohe__block_676D,0.00024205964
ohe__block_120,0.00024178285
ohe__block_310C,0.00024148494
ohe__block_18B,0.00024098577
ohe__block_507D,0.00024031126
ohe__block_895C,0.00023943187
ohe__block_226B,0.00023919753
ohe__block_37,0.0002384882
ohe__block_31,0.00023836001
ohe__block_356,0.00023833752
ohe__block_677B,0.00023800154
ohe__block_313B,0.00023789085
ohe__block_345,0.00023781208
ohe__block_119C,0.00023775385
ohe__block_295A,0.00023753257
ohe__block_318,0.0002373748
ohe__block_527,0.00023702189
ohe__block_307B,0.0002358808
ohe__block_711,0.00023579483
ohe__block_986A,0.00023514804
ohe__block_260A,0.00023449515
ohe__block_610,0.00023438317
ohe__block_616,0.00023408138
ohe__block_892A,0.00023386661
ohe__block_813B,0.00023358647
ohe__block_384,0.00023351754
ohe__block_80B,0.00023334306
ohe__block_392,0.00023278267
ohe__block_679C,0.00023194209
ohe__block_413,0.00023156147
ohe__block_256,0.0002310479
ohe__block_708,0.00023082677
ohe__block_837,0.00023065043
ohe__block_23A,0.00023045273
ohe__block_2B,0.00023041657
ohe__block_251,0.00023023279
ohe__block_603,0.00022995149
ohe__block_555,0.00022945921
ohe__block_474,0.00022945095
ohe__block_704,0.00022944472
ohe__block_207D,0.00022915557
ohe__block_353,0.00022907733
ohe__block_713,0.00022857253
ohe__block_656B,0.00022831268
ohe__block_887A,0.0002279733
ohe__block_330,0.00022790994
ohe__block_21,0.00022759355
ohe__block_8C,0.00022749232
ohe__block_778,0.00022731295
ohe__block_299C,0.00022717287
ohe__block_788D,0.000227039
ohe__block_128,0.0002269253
ohe__block_169,0.00022681555
ohe__block_81A,0.00022618195
ohe__block_6B,0.00022573107
ohe__block_265D,0.0002255546
ohe__block_61,0.00022554217
ohe__block_655A,0.0002249497
ohe__block_319,0.00022473974
ohe__block_183D,0.00022418529
ohe__block_137,0.00022367509
ohe__block_129,0.00022331798
ohe__block_547,0.00022328478
ohe__block_686,0.00022326566
ohe__block_289D,0.00022314664
ohe__block_618,0.00022301784
ohe__block_197B,0.00022300058
ohe__block_573,0.00022296201
ohe__block_1D,0.00022234785
ohe__block_107,0.00022187078
ohe__block_678,0.00022182532
ohe__block_278,0.00022173658
ohe__block_823,0.0002215601
ohe__block_38C,0.0002213941
ohe__block_87,0.00022128849
ohe__block_723,0.00022125566
ohe__block_267B,0.00022111178
ohe__block_293,0.00022105129
ohe__block_898A,0.0002205866
ohe__block_291C,0.00021999677
ohe__block_826,0.0002197813
ohe__block_439A,0.00021975565
ohe__block_133A,0.00021963396
ohe__block_339B,0.00021924727
ohe__block_854,0.00021878145
ohe__block_669B,0.00021866584
ohe__block_487C,0.00021835182
ohe__block_518B,0.00021798478
ohe__block_370,0.00021787616
ohe__block_167,0.00021735986
ohe__block_667A,0.0002171447
ohe__block_376,0.00021711871
ohe__block_298D,0.00021706101
ohe__block_295,0.00021700341
ohe__block_548,0.00021687573
ohe__block_498D,0.00021661598
ohe__block_170,0.0002163056
ohe__block_815,0.00021622214
ohe__block_613,0.00021604725
ohe__block_633,0.00021599588
ohe__block_116B,0.00021564405
ohe__block_50,0.00021552778
ohe__block_285,0.00021551129
ohe__block_515A,0.00021534311
ohe__block_212B,0.00021489717
ohe__block_860,0.00021478672
ohe__block_226,0.00021475641
ohe__block_532,0.00021448295
ohe__block_441D,0.00021444292
ohe__block_596B,0.0002141846
ohe__block_425,0.00021390713
ohe__block_540,0.00021358363
ohe__block_355A,0.00021332051
ohe__block_577,0.00021313717
ohe__block_258A,0.00021310938
ohe__block_684A,0.00021307734
ohe__block_52,0.00021284267
ohe__block_264A,0.0002126329
ohe__block_431,0.00021253651
ohe__block_275,0.00021248618
ohe__block_414A,0.00021209828
ohe__block_234A,0.00021189194
ohe__block_144,0.00021186826
ohe__block_221B,0.0002114536
ohe__block_644,0.00021144185
ohe__block_348B,0.00021142277
ohe__block_306,0.00021139956
ohe__block_519,0.00021120328
ohe__block_317,0.00021012189
ohe__block_638,0.00020986485
ohe__block_608,0.00020981603
ohe__block_689B,0.00020971271
ohe__block_131A,0.0002096983
ohe__block_206A,0.00020960112
ohe__block_426D,0.00020947341
ohe__block_416C,0.00020913022
ohe__block_183,0.00020908842
ohe__block_457,0.00020904494
ohe__block_311D,0.00020832005
ohe__block_333,0.00020800985
ohe__block_102,0.00020785704
ohe__block_549A,0.00020785203
ohe__block_73A,0.00020775695
ohe__block_970,0.00020760104
ohe__block_987A,0.00020734711
ohe__block_365C,0.00020681601
ohe__block_295C,0.00020674638
ohe__block_865,0.00020640531
ohe__block_604,0.00020559135
ohe__block_684C,0.00020533896
ohe__block_75A,0.0002048684
ohe__block_39A,0.00020477107
ohe__block_415A,0.0002044688
ohe__block_438,0.00020426905
ohe__block_142,0.00020419178
ohe__block_232,0.00020416346
ohe__block_128B,0.0002040635
ohe__block_403,0.00020396138
ohe__block_589B,0.00020393048
ohe__block_430A,0.00020366142
ohe__block_108,0.00020345577
ohe__block_266A,0.00020334717
ohe__block_18D,0.00020326083
ohe__block_274C,0.00020268958
ohe__block_188,0.00020261318
ohe__block_236A,0.00020233695
ohe__block_54,0.00020227241
ohe__block_279B,0.00020185049
ohe__block_47,0.00020175826
ohe__block_938,0.00020115977
ohe__block_191,0.00020107129
ohe__block_135,0.00020098103
ohe__block_552,0.00020090508
ohe__block_418C,0.00020075406
ohe__block_109A,0.00020015998
ohe__block_6A,0.00019844419
ohe__block_706,0.000198096
ohe__block_944,0.00019800551
ohe__block_205C,0.00019777592
ohe__block_104B,0.00019770976
ohe__block_194B,0.00019760187
ohe__block_264F,0.00019745863
ohe__block_257B,0.00019700533
ohe__block_411,0.00019682481
ohe__block_174A,0.00019654493
ohe__block_522A,0.00019623352
ohe__block_633D,0.0001961733
ohe__block_490D,0.00019614953
ohe__block_769,0.00019591035
ohe__block_560,0.0001959079
ohe__block_138A,0.0001954266
ohe__block_357B,0.00019523701
ohe__block_227C,0.00019512781
ohe__block_614B,0.0001950489
ohe__block_196,0.00019480668
ohe__block_268A,0.00019479479
ohe__block_268C,0.0001947882
ohe__block_164C,0.0001942607
ohe__block_332C,0.0001942118
ohe__block_522C,0.00019356092
ohe__block_491C,0.00019334999
ohe__block_450G,0.00019325071
ohe__block_519C,0.00019257973
ohe__block_305D,0.0001923437
ohe__block_475A,0.00019226792
ohe__block_655B,0.0001916459
ohe__block_642,0.00019155508
ohe__block_288F,0.00019147221
ohe__block_254,0.00019129032
ohe__block_451B,0.00019093188
ohe__block_572B,0.00019067976
ohe__block_315C,0.00019066996
ohe__block_40,0.00019039435
ohe__block_101,0.00019024996
ohe__block_27A,0.00018940057
ohe__block_807,0.00018856475
ohe__block_390,0.00018856325
ohe__block_97,0.00018851529
ohe__block_683,0.0001882738
ohe__block_485,0.00018825277
ohe__block_348D,0.0001874779
ohe__block_747B,0.00018735655
ohe__block_328,0.0001872048
ohe__block_5A,0.00018694319
ohe__block_961,0.0001866479
ohe__block_140,0.00018662178
ohe__block_281B,0.00018622931
ohe__block_973,0.00018611905
ohe__block_12C,0.00018605383
ohe__block_656,0.00018604544
ohe__block_624,0.00018575546
ohe__block_103A,0.00018567647
ohe__block_217B,0.00018554473
ohe__block_588C,0.00018546249
ohe__block_923,0.00018535975
ohe__block_686A,0.00018466137
ohe__block_43A,0.0001842735
ohe__block_989B,0.000184171
ohe__block_190A,0.00018415679
ohe__block_469,0.00018414442
ohe__block_227A,0.00018413442
ohe__block_531,0.0001840196
ohe__block_450C,0.00018370492
ohe__block_533,0.00018365498
ohe__storey_range_28 TO 30,0.0001836464
ohe__block_907,0.00018327864
ohe__block_303,0.00018316161
ohe__block_809,0.00018296849
ohe__block_407,0.00018242806
ohe__block_120B,0.00018222697
ohe__block_685B,0.0001817082
ohe__block_526,0.00018155982
ohe__block_325C,0.00018145393
ohe__block_139B,0.00018143788
ohe__block_525A,0.00018132485
ohe__block_477B,0.00018131276
ohe__block_172,0.00018080274
ohe__block_596D,0.0001804649
ohe__block_260D,0.00018019177
ohe__block_455,0.00018018483
ohe__block_176,0.00018002406
ohe__block_684D,0.00017980544
ohe__block_126,0.00017966684
ohe__block_1E,0.00017965482
ohe__block_319A,0.00017919835
ohe__block_523D,0.00017910228
ohe__block_308A,0.00017896548
ohe__block_63,0.00017819488
ohe__block_258,0.00017765386
ohe__block_164,0.00017754242
ohe__block_627,0.00017722388
ohe__block_606,0.00017709156
ohe__storey_range_04 TO 06,0.00017703422
ohe__block_727,0.0001768928
ohe__block_331,0.00017686353
ohe__block_317A,0.00017656949
ohe__block_296E,0.00017649858
ohe__block_414B,0.00017639884
ohe__block_675A,0.0001763224
ohe__block_192A,0.00017603411
ohe__block_816A,0.00017585498
ohe__block_157,0.00017573724
ohe__block_612,0.00017548597
ohe__block_226A,0.00017543678
ohe__block_409,0.0001750646
ohe__block_240,0.00017504083
ohe__block_416A,0.00017440075
ohe__block_421,0.00017429343
ohe__block_683B,0.00017416783
ohe__block_361,0.00017350371
ohe__block_705,0.00017341485
ohe__block_519D,0.00017336139
ohe__block_348A,0.00017257221
ohe__block_374,0.00017248894
ohe__block_156,0.00017223363
ohe__block_112,0.0001719673
ohe__block_1,0.00017194898
ohe__block_347B,0.00017184303
ohe__block_219B,0.00017181195
ohe__block_668B,0.00017180604
ohe__block_314B,0.00017173338
ohe__block_889,0.00017101462
ohe__block_17B,0.00017042698
ohe__block_777,0.00017038395
ohe__block_203,0.00017036663
ohe__block_517,0.00017022165
ohe__block_798,0.00017008137
ohe__block_614,0.00017003706
ohe__block_395,0.00017003607
ohe__block_342C,0.00017002306
ohe__block_404B,0.00016993535
ohe__block_68,0.00016936616
ohe__block_271C,0.00016905581
ohe__block_84A,0.0001689807
ohe__block_631,0.00016896243
ohe__block_815B,0.00016875546
ohe__block_468,0.00016872544
ohe__block_310B,0.00016866052
ohe__block_170C,0.00016852634
ohe__block_576,0.00016851016
ohe__block_422,0.00016808754
ohe__block_590A,0.00016789726
ohe__block_18C,0.00016785499
ohe__block_227,0.00016763655
ohe__block_261B,0.000166821
ohe__block_601,0.00016667062
ohe__block_336D,0.00016635962
ohe__block_215,0.0001662925
ohe__block_842G,0.0001660578
ohe__block_660,0.00016596647
ohe__block_515B,0.00016588642
ohe__block_362,0.0001655776
ohe__block_687B,0.00016549902
ohe__block_265B,0.00016549297
ohe__block_472B,0.00016493432
ohe__block_841,0.00016488417
ohe__block_204C,0.00016458883
ohe__block_273D,0.00016444191
ohe__block_305,0.00016427612
ohe__storey_range_37 TO 39,0.00016417715
ohe__block_534,0.0001641451
ohe__block_523,0.00016400123
ohe__block_246,0.00016392906
ohe__block_786D,0.00016386427
ohe__block_714,0.00016361973
ohe__block_123D,0.00016335538
ohe__block_1C,0.00016329228
ohe__block_486A,0.00016293302
ohe__block_910,0.00016264839
ohe__block_118C,0.00016255777
ohe__block_758,0.00016243002
ohe__block_28B,0.00016234627
ohe__block_429,0.00016233159
ohe__block_538,0.00016227642
ohe__block_210,0.00016220451
ohe__block_29,0.00016209112
ohe__block_454,0.0001618754
ohe__block_98,0.0001618516
ohe__block_274A,0.00016168028
ohe__block_632,0.000161637
ohe__block_789,0.00016159777
ohe__block_338C,0.0001612887
ohe__block_342,0.00016094394
ohe__block_698A,0.0001608027
ohe__block_875,0.00016069149
ohe__block_264E,0.00016049294
ohe__block_828,0.00016006219
ohe__block_468D,0.0001599889
ohe__storey_range_40 TO 42,0.0001598979
ohe__block_25,0.00015970242
ohe__block_250A,0.00015966431
ohe__block_70C,0.0001596404
ohe__block_424,0.0001596292
ohe__block_477A,0.00015961216
ohe__block_320D,0.00015893318
ohe__block_189C,0.00015891355
ohe__block_313D,0.00015877625
ohe__block_675D,0.00015729984
ohe__block_699B,0.00015715184
ohe__block_127C,0.00015689938
ohe__block_315,0.00015645578
ohe__block_265A,0.00015638149
ohe__block_10F,0.00015617727
ohe__block_270B,0.00015603888
ohe__block_536,0.00015600082
ohe__block_412,0.00015598077
ohe__block_90A,0.00015592187
ohe__block_950,0.00015584337
ohe__block_278B,0.00015556658
ohe__block_293A,0.00015541055
ohe__block_30A,0.00015496676
ohe__block_471A,0.00015482646
ohe__block_115C,0.0001548197
num__month_cos,0.00015444818
ohe__block_449,0.00015426765
ohe__block_312B,0.000154029
ohe__block_697,0.00015365683
ohe__block_110A,0.0001536568
ohe__block_775,0.00015362963
ohe__block_95,0.0001533997
ohe__block_717,0.0001531212
ohe__block_115,0.00015287638
ohe__block_416B,0.00015253642
ohe__block_155,0.00015242067
ohe__block_199D,0.00015222066
ohe__block_235,0.00015196174
ohe__block_89,0.0001518663
ohe__block_445A,0.00015164222
ohe__block_126D,0.0001516392
ohe__block_222,0.000151578
ohe__block_271,0.00015150227
ohe__block_199,0.00015138576
ohe__block_288C,0.00015138517
ohe__block_516,0.00015107502
ohe__block_639,0.00015072047
ohe__block_14B,0.00015055286
ohe__block_624C,0.00015052866
ohe__block_866,0.00015042239
ohe__block_812A,0.00015028933
ohe__block_677C,0.0001502849
ohe__block_332B,0.00015018035
ohe__block_304A,0.0001501697
ohe__block_327B,0.00015006107
ohe__block_550,0.00014998698
ohe__block_320,0.00014985308
ohe__block_274D,0.00014983253
ohe__block_260C,0.00014957618
ohe__block_82A,0.00014854342
ohe__block_475D,0.00014820631
ohe__block_583,0.00014742954
ohe__block_169A,0.00014726043
ohe__block_725,0.0001470945
ohe__block_1F,0.0001466362
ohe__block_79E,0.00014662744
ohe__block_415,0.00014647549
ohe__storey_range_49 TO 51,0.00014638387
num__month_sin,0.00014602007
ohe__block_868B,0.00014558436
ohe__block_352A,0.00014555242
ohe__block_497J,0.00014532974
ohe__block_317D,0.00014531323
ohe__block_230,0.00014518325
ohe__block_307C,0.00014509325
ohe__block_440B,0.00014494464
ohe__block_945,0.0001448758
ohe__block_833,0.0001447124
ohe__block_132A,0.0001444317
ohe__block_29A,0.00014422956
ohe__block_126C,0.00014414714
ohe__block_430D,0.00014402265
ohe__block_537,0.00014400412
ohe__block_205A,0.0001434396
ohe__block_755,0.00014340556
ohe__block_672D,0.00014316052
ohe__block_277A,0.00014305825
ohe__block_288G,0.0001429807
ohe__block_807A,0.00014287596
ohe__block_405A,0.00014284458
ohe__block_386,0.00014283085
ohe__block_338D,0.00014256629
ohe__block_56,0.0001424703
ohe__block_545,0.00014245522
ohe__block_351D,0.00014208206
ohe__block_154,0.00014207982
ohe__storey_range_22 TO 24,0.0001420548
ohe__block_563,0.00014205357
ohe__block_301,0.00014192259
ohe__block_455A,0.00014168136
ohe__block_261,0.0001415643
ohe__block_670,0.00014137736
ohe__block_657,0.00014116548
ohe__block_10A,0.00014111622
ohe__block_929,0.0001409396
ohe__block_637A,0.00014029657
ohe__block_744,0.00014019289
ohe__block_205B,0.00014000027
ohe__block_443B,0.00013985959
ohe__block_73,0.00013965595
ohe__block_119D,0.00013942517
ohe__block_182A,0.00013932155
ohe__block_101B,0.00013918693
ohe__block_351,0.00013909911
ohe__block_700B,0.00013840353
ohe__block_662B,0.00013836198
ohe__block_201C,0.00013820048
ohe__block_617A,0.00013818177
ohe__block_269A,0.00013818091
ohe__block_750,0.00013813483
ohe__block_286D,0.0001379376
ohe__block_232A,0.00013777225
ohe__block_99,0.00013770642
ohe__block_10E,0.00013763734
ohe__block_824,0.00013724336
ohe__block_518A,0.00013706728
ohe__block_110,0.00013699051
ohe__block_55,0.00013682964
ohe__block_260,0.00013681791
ohe__block_267C,0.000136764
ohe__block_672C,0.00013660164
ohe__block_288,0.00013658537
ohe__block_158,0.00013640526
ohe__block_899B,0.0001363704
ohe__block_236,0.00013629903
ohe__block_510,0.00013616687
ohe__block_407B,0.00013581663
ohe__block_838,0.00013578263
ohe__block_825,0.00013576334
ohe__block_171,0.00013568549
ohe__block_367,0.0001355642
ohe__block_190,0.00013530334
ohe__block_877,0.00013527238
ohe__block_216B,0.00013525695
ohe__block_453,0.00013524818
ohe__block_687A,0.00013509017
ohe__block_535,0.00013478177
ohe__block_90,0.00013472588
ohe__block_168B,0.0001346164
ohe__block_842H,0.00013431185
ohe__block_310A,0.00013420999
ohe__block_451,0.0001341307
ohe__block_64,0.00013398138
ohe__block_528,0.00013379384
ohe__block_360,0.00013369016
ohe__block_215B,0.00013318329
ohe__block_113D,0.00013310702
ohe__block_205,0.00013310467
ohe__block_122B,0.00013285382
ohe__block_17A,0.00013265204
ohe__block_636,0.00013246054
ohe__block_685C,0.00013230475
ohe__block_956,0.00013194472
ohe__block_321C,0.00013169672
ohe__block_485B,0.00013134131
ohe__block_350C,0.00013131365
ohe__block_159,0.0001312179
ohe__block_244,0.00013106503
ohe__block_751,0.00013094566
ohe__block_654B,0.0001307362
ohe__block_298,0.00013072292
ohe__block_572,0.00013065309
ohe__block_437,0.00013050629
ohe__block_203D,0.00013042915
ohe__block_249,0.00013022593
ohe__block_207,0.00013009885
ohe__block_403C,0.00013006631
ohe__block_327A,0.0001300504
ohe__block_75,0.00013000214
ohe__block_579,0.00012978513
ohe__block_654,0.00012915836
ohe__block_305A,0.00012906097
ohe__block_428,0.00012859763
ohe__block_804,0.00012835814
ohe__block_786E,0.00012831095
ohe__block_472A,0.00012783348
ohe__block_290C,0.00012779611
ohe__block_274,0.00012742165
ohe__block_645,0.00012721115
ohe__block_204,0.00012709628
ohe__block_905,0.00012687549
ohe__block_261A,0.00012671002
ohe__block_224B,0.00012664955
ohe__block_558,0.0001266364
ohe__block_77,0.00012662225
ohe__block_289E,0.00012621388
ohe__block_842D,0.00012534247
ohe__block_59B,0.0001253239
ohe__block_446,0.00012526072
ohe__block_224D,0.00012514376
ohe__block_457B,0.00012507218
ohe__block_86,0.00012486489
ohe__block_523B,0.00012451039
ohe__block_111,0.00012447579
ohe__block_290E,0.00012430182
ohe__storey_range_19 TO 21,0.00012415272
ohe__block_630,0.00012391429
ohe__block_277D,0.00012367629
ohe__block_683A,0.00012347026
ohe__block_464,0.00012326834
ohe__block_517C,0.0001232027
ohe__block_476A,0.0001230904
ohe__block_121D,0.00012244009
ohe__block_271B,0.0001223606
ohe__block_267A,0.00012224982
ohe__block_82,0.00012216192
ohe__block_818C,0.00012189044
ohe__block_414,0.00012176886
ohe__block_175,0.000121683486
ohe__block_642D,0.00012168124
ohe__block_403D,0.000121618286
ohe__block_919,0.00012148182
ohe__block_441A,0.00012130834
ohe__block_217,0.00012106669
ohe__block_1G,0.00012101137
ohe__block_129C,0.00012099737
ohe__block_174B,0.000120719735
ohe__block_289B,0.00012051421
ohe__block_489A,0.00012050314
ohe__block_206,0.00012047049
ohe__block_79,0.00012024747
ohe__block_360A,0.00012020065
ohe__block_801,0.000120185105
ohe__block_123,0.00012011879
ohe__block_299B,0.0001197855
ohe__block_748A,0.00011966621
ohe__block_946,0.00011962192
ohe__block_707,0.000119560005
ohe__block_326B,0.00011944148
ohe__block_514,0.00011937655
ohe__block_603C,0.000118991964
ohe__block_842F,0.00011896261
ohe__block_273B,0.00011876743
ohe__block_685A,0.00011875714
ohe__block_289,0.00011870653
ohe__block_436,0.00011868596
ohe__block_206B,0.00011852378
ohe__block_313C,0.00011848874
ohe__block_602,0.00011833389
ohe__storey_range_34 TO 36,0.000118251846
ohe__block_522,0.000117745636
ohe__block_702,0.00011767576
ohe__block_663,0.00011719913
ohe__block_500,0.00011716031
ohe__block_212,0.000117142015
ohe__block_231,0.000117047864
ohe__block_121A,0.000117009215
ohe__block_526B,0.00011694483
ohe__block_319C,0.000116940326
ohe__block_104,0.00011693638
ohe__block_428B,0.00011691791
ohe__block_290A,0.00011686026
ohe__block_465,0.0001168248
ohe__storey_range_31 TO 33,0.00011651519
ohe__block_113B,0.000116053736
ohe__block_302,0.00011595113
ohe__block_297C,0.000115820796
ohe__block_343,0.00011581303
ohe__block_186A,0.000115649804
ohe__block_584,0.000115603885
ohe__block_974,0.00011553663
ohe__block_224,0.00011526318
ohe__block_187,0.000115029965
ohe__block_471B,0.0001149887
ohe__block_802A,0.00011496994
ohe__block_696,0.000114880306
ohe__block_285B,0.00011459698
ohe__block_569,0.00011450617
ohe__block_197C,0.000114252856
ohe__block_911,0.00011420035
ohe__block_504,0.00011409621
ohe__block_646,0.00011406987
ohe__block_319B,0.000113960916
ohe__block_269D,0.00011347438
ohe__block_453B,0.00011347016
ohe__block_28,0.00011342323
ohe__block_773,0.00011304755
ohe__block_530,0.00011301679
ohe__block_496B,0.00011265675
ohe__block_843,0.00011263487
ohe__block_116,0.00011261134
ohe__block_307A,0.00011255
ohe__block_669A,0.00011247812
ohe__block_446A,0.00011244676
ohe__block_207B,0.00011242666
ohe__block_403B,0.000112299495
ohe__block_94E,0.00011226419
ohe__block_890B,0.000112149406
ohe__block_165,0.00011202936
ohe__block_476B,0.0001117345
ohe__block_651B,0.00011168933
ohe__block_30,0.000111655114
ohe__block_313A,0.000111472036
ohe__block_526D,0.00011104163
ohe__block_91,0.00011076692
ohe__block_661C,0.00011075332
ohe__block_701,0.00011036706
ohe__block_803B,0.0001101112
ohe__block_293B,0.00010996003
ohe__block_331A,0.00010991097
ohe__block_329,0.00010988121
ohe__block_268,0.00010964172
ohe__block_405C,0.00010959575
ohe__block_357,0.00010926724
ohe__block_461A,0.00010914388
ohe__block_358,0.000109120796
ohe__block_680A,0.00010909846
ohe__block_788C,0.000109035806
ohe__block_526A,0.00010900356
ohe__block_197A,0.00010896828
ohe__block_289C,0.000108535496
ohe__block_430,0.00010834344
ohe__block_786,0.00010833693
ohe__block_619,0.00010821066
ohe__block_844,0.00010804148
ohe__block_90B,0.00010801259
ohe__block_553,0.00010792856
ohe__block_338,0.000107926295
ohe__block_359B,0.00010783969
ohe__block_329B,0.00010765321
ohe__block_290,0.00010745427
ohe__block_119B,0.00010715946
ohe__block_816B,0.00010678626
ohe__block_347,0.00010658391
ohe__block_830,0.00010650504
ohe__block_153,0.000106193904
ohe__block_979B,0.000106154635
ohe__block_664C,0.000106100335
ohe__block_127,0.000106013205
ohe__block_690,0.00010591398
ohe__block_846,0.00010572837
ohe__block_210A,0.00010561031
ohe__block_662,0.00010549636
ohe__block_157A,0.00010546865
ohe__block_208,0.00010498829
ohe__block_715,0.00010498475
ohe__block_509C,0.00010491446
ohe__block_290B,0.000104341
ohe__block_506A,0.000104294806
ohe__block_230J,0.00010418422
ohe__block_166,0.00010393299
ohe__block_717A,0.00010390001
ohe__block_580,0.00010342067
ohe__block_309,0.0001032102
ohe__block_868A,0.00010313404
ohe__block_503A,0.00010300098
ohe__storey_range_43 TO 45,0.00010298296
ohe__block_276B,0.00010286435
ohe__block_568,0.00010282153
ohe__block_667B,0.00010273736
ohe__block_507,0.00010270145
ohe__block_317C,0.000102684404
ohe__block_979C,0.000102527054
ohe__block_550A,0.00010251576
ohe__block_197D,0.00010236583
ohe__block_185A,0.000102258906
ohe__block_634,0.00010217319
ohe__block_476C,0.00010216447
ohe__block_812C,0.00010178232
ohe__block_673C,0.00010167537
ohe__block_297D,0.0001015974
ohe__block_280,0.000101561614
ohe__block_120A,0.000101166224
ohe__block_674A,0.00010111286
ohe__block_324D,0.00010094787
ohe__block_502,0.00010086556
ohe__block_589C,0.00010082963
ohe__block_441C,0.00010081588
ohe__block_194,0.00010076576
ohe__block_891A,0.0001006047
ohe__block_834,0.00010033181
ohe__block_406B,0.000100326746
ohe__block_24,9.990342e-05
ohe__block_94D,9.9810386e-05
ohe__block_443C,9.9770514e-05
ohe__block_277,9.973533e-05
ohe__block_292B,9.9689976e-05
ohe__block_878B,9.9397126e-05
ohe__block_513,9.8989636e-05
ohe__block_314D,9.8852965e-05
ohe__block_622,9.88088e-05
ohe__block_174D,9.865857e-05
ohe__block_652,9.863092e-05
ohe__block_518,9.829168e-05
ohe__block_165A,9.795267e-05
ohe__block_470B,9.7603115e-05
ohe__block_494J,9.7445685e-05
ohe__block_346,9.7436205e-05
ohe__block_683C,9.724638e-05
ohe__block_353B,9.715575e-05
ohe__block_286A,9.7096156e-05
ohe__block_513B,9.704987e-05
ohe__block_272B,9.693873e-05
ohe__block_828A,9.6909935e-05
ohe__block_403A,9.688726e-05
ohe__block_223D,9.6782096e-05
ohe__block_447,9.676561e-05
ohe__block_272,9.665692e-05
ohe__block_220,9.6642834e-05
ohe__block_200,9.639166e-05
ohe__block_368,9.630752e-05
ohe__block_955,9.6297124e-05
ohe__block_473C,9.614027e-05
ohe__block_882,9.609778e-05
ohe__block_752,9.59929e-05
ohe__block_718,9.5882584e-05
ohe__block_539,9.5786534e-05
ohe__block_49,9.562641e-05
ohe__block_293C,9.5610296e-05
ohe__block_665,9.5537805e-05
ohe__block_740,9.545016e-05
ohe__block_848,9.514706e-05
ohe__block_291B,9.487102e-05
ohe__block_747A,9.4731855e-05
ohe__block_106D,9.458719e-05
ohe__block_748,9.432702e-05
ohe__block_275B,9.417687e-05
ohe__block_518C,9.4112685e-05
ohe__block_3A,9.3922106e-05
ohe__block_275D,9.380521e-05
ohe__block_213,9.376919e-05
ohe__block_749,9.365597e-05
ohe__block_438A,9.362851e-05
ohe__block_753,9.338836e-05
ohe__block_450,9.3217146e-05
ohe__block_519B,9.30943e-05
ohe__block_682,9.306616e-05
ohe__block_442,9.2980554e-05
ohe__block_312A,9.2914e-05
ohe__block_1A,9.272819e-05
ohe__block_226C,9.2649876e-05
ohe__block_209,9.25771e-05
ohe__block_434,9.250306e-05
ohe__block_259A,9.249408e-05
ohe__block_445B,9.2461894e-05
ohe__block_306A,9.2375725e-05
ohe__block_691,9.235179e-05
ohe__block_692A,9.219697e-05
ohe__block_636C,9.2102e-05
ohe__block_881,9.187969e-05
ohe__block_252,9.183258e-05
ohe__block_878A,9.1719565e-05
ohe__block_896C,9.117654e-05
ohe__block_709,9.1097834e-05
ohe__block_475B,9.108605e-05
ohe__block_218C,9.099176e-05
ohe__block_148,9.0853595e-05
ohe__block_997A,9.075852e-05
ohe__block_93B,9.0535825e-05
ohe__block_968,9.05176e-05
ohe__block_878,9.037979e-05
ohe__block_480,9.031576e-05
ohe__block_301A,9.0129615e-05
ohe__block_933A,8.929171e-05
ohe__block_504A,8.897408e-05
ohe__block_227B,8.893696e-05
ohe__block_350A,8.87982e-05
ohe__block_124B,8.862474e-05
ohe__block_492B,8.8577115e-05
ohe__block_38D,8.85509e-05
ohe__block_782D,8.848169e-05
ohe__block_129A,8.830494e-05
ohe__block_266B,8.813906e-05
ohe__block_659A,8.812741e-05
ohe__block_215A,8.763304e-05
ohe__block_268B,8.759644e-05
ohe__block_747,8.739597e-05
ohe__block_95B,8.736258e-05
ohe__block_366,8.724589e-05
ohe__block_311C,8.706666e-05
ohe__block_675B,8.6816755e-05
ohe__block_113,8.679111e-05
ohe__block_258C,8.67539e-05
ohe__block_265C,8.668955e-05
ohe__block_754,8.668362e-05
ohe__block_505B,8.664762e-05
ohe__block_65,8.659028e-05
ohe__block_442A,8.6557266e-05
ohe__block_340,8.652903e-05
ohe__block_984C,8.6289576e-05
ohe__block_520B,8.5906075e-05
ohe__block_658C,8.581022e-05
ohe__block_607,8.5647756e-05
ohe__block_541,8.562855e-05
ohe__block_93,8.553756e-05
ohe__block_835,8.5436215e-05
ohe__block_903,8.542402e-05
ohe__block_719,8.541476e-05
ohe__block_96,8.535816e-05
ohe__block_618B,8.53577e-05
ohe__block_811B,8.521755e-05
ohe__block_581,8.519674e-05
ohe__block_549,8.518566e-05
ohe__block_447A,8.513458e-05
ohe__block_867,8.489389e-05
ohe__block_689A,8.481828e-05
ohe__block_308C,8.468467e-05
ohe__block_489B,8.461207e-05
ohe__block_570,8.456668e-05
ohe__block_211D,8.432194e-05
ohe__block_660B,8.4022126e-05
ohe__block_637D,8.3993546e-05
ohe__block_720,8.399202e-05
ohe__block_88,8.373608e-05
ohe__block_318A,8.366593e-05
ohe__block_933,8.346091e-05
ohe__block_501,8.285141e-05
ohe__block_195D,8.2833176e-05
ohe__block_653C,8.280901e-05
ohe__block_85C,8.2799466e-05
ohe__block_228,8.2729464e-05
ohe__block_528A,8.2508195e-05
ohe__block_394,8.1989194e-05
ohe__block_45,8.197707e-05
ohe__block_162A,8.1584454e-05
ohe__block_501D,8.14498e-05
ohe__block_679A,8.13637e-05
ohe__block_277B,8.11969e-05
ohe__block_493B,8.1148755e-05
ohe__block_504D,8.087071e-05
ohe__block_92,8.075994e-05
ohe__block_168A,8.031831e-05
ohe__block_439C,8.018802e-05
ohe__block_229,8.000219e-05
ohe__block_83B,7.973338e-05
ohe__block_895B,7.957478e-05
ohe__block_653B,7.949072e-05
ohe__block_738,7.947081e-05
ohe__block_784,7.935399e-05
ohe__block_808D,7.934647e-05
ohe__storey_range_13 TO 15,7.929204e-05
ohe__block_350,7.908594e-05
ohe__block_530A,7.905647e-05
ohe__block_640,7.8960424e-05
ohe__block_326A,7.873286e-05
ohe__block_365A,7.870412e-05
ohe__block_288B,7.865369e-05
ohe__block_876,7.861089e-05
ohe__block_304B,7.8343954e-05
ohe__block_547D,7.8216864e-05
ohe__block_636A,7.813028e-05
ohe__block_426C,7.798715e-05
ohe__block_281,7.789398e-05
ohe__block_625,7.771598e-05
ohe__block_651A,7.761806e-05
ohe__block_264C,7.730487e-05
ohe__block_462,7.726039e-05
ohe__block_23B,7.707109e-05
ohe__block_273C,7.706026e-05
ohe__block_678A,7.686966e-05
ohe__block_889D,7.6803815e-05
ohe__block_916,7.6468496e-05
ohe__block_925,7.618519e-05
ohe__block_479,7.602162e-05
ohe__block_871B,7.596648e-05
ohe__block_39,7.596448e-05
ohe__block_476,7.595804e-05
ohe__block_348,7.57764e-05
ohe__block_664,7.554113e-05
ohe__block_776,7.55346e-05
ohe__block_10C,7.525434e-05
ohe__block_211,7.515888e-05
ohe__block_756,7.505385e-05
ohe__block_107B,7.485701e-05
ohe__block_339D,7.4491836e-05
ohe__block_470,7.4343814e-05
ohe__block_468C,7.4296775e-05
ohe__block_672,7.4292206e-05
ohe__block_483,7.419846e-05
ohe__block_986B,7.370211e-05
ohe__block_115D,7.329619e-05
ohe__block_271A,7.315881e-05
ohe__block_895,7.290757e-05
ohe__block_618C,7.2835755e-05
ohe__block_171C,7.280938e-05
ohe__block_697A,7.274868e-05
ohe__storey_range_10 TO 12,7.266623e-05
ohe__block_764,7.256148e-05
ohe__block_847,7.23939e-05
ohe__block_442C,7.205023e-05
ohe__block_105A,7.200302e-05
ohe__block_323D,7.198774e-05
ohe__storey_range_07 TO 09,7.175377e-05
ohe__block_323B,7.168315e-05
ohe__block_831,7.140303e-05
ohe__block_792,7.1324685e-05
ohe__block_893B,7.131213e-05
ohe__block_989C,7.1288625e-05
ohe__block_850,7.1231065e-05
ohe__block_327,7.098104e-05
ohe__block_426A,7.095505e-05
ohe__block_316,7.093551e-05
ohe__block_230F,7.08121e-05
ohe__block_840,7.074616e-05
ohe__block_130B,7.06111e-05
ohe__block_619C,7.0141316e-05
ohe__block_284,7.012204e-05
ohe__block_165B,6.975771e-05
ohe__block_712,6.956448e-05
ohe__block_894A,6.945623e-05
ohe__block_322C,6.90172e-05
ohe__block_591A,6.874541e-05
ohe__block_106B,6.8719084e-05
ohe__block_513D,6.867033e-05
ohe__block_225,6.8587724e-05
ohe__block_498F,6.80616e-05
ohe__block_269,6.790847e-05
ohe__block_515,6.744724e-05
ohe__block_593A,6.736425e-05
ohe__block_980B,6.7180335e-05
ohe__block_861A,6.715454e-05
ohe__block_721,6.7119836e-05
ohe__block_757,6.7073604e-05
ohe__block_931,6.706909e-05
ohe__block_402,6.703434e-05
ohe__block_354A,6.694241e-05
ohe__block_408B,6.689735e-05
ohe__block_432B,6.68327e-05
ohe__block_293D,6.677434e-05
ohe__block_442D,6.6712724e-05
ohe__block_782A,6.661462e-05
ohe__block_435A,6.65264e-05
ohe__block_660D,6.639789e-05
ohe__block_207A,6.62178e-05
ohe__block_575,6.601587e-05
ohe__block_93A,6.5826614e-05
ohe__block_574A,6.578808e-05
ohe__block_306C,6.554758e-05
ohe__block_311B,6.536243e-05
ohe__block_870,6.530782e-05
ohe__block_296B,6.528806e-05
ohe__block_728,6.500616e-05
ohe__block_341,6.453829e-05
ohe__block_601C,6.445597e-05
ohe__block_487A,6.4436295e-05
ohe__block_322A,6.426441e-05
ohe__block_469A,6.424987e-05
ohe__block_419,6.4234046e-05
ohe__block_570C,6.4190346e-05
ohe__block_997B,6.413015e-05
ohe__block_85A,6.394263e-05
ohe__block_819,6.394175e-05
ohe__block_505D,6.389953e-05
ohe__block_473D,6.3895095e-05
ohe__block_880,6.368146e-05
ohe__block_188A,6.3670974e-05
ohe__block_788E,6.346523e-05
ohe__block_478,6.340265e-05
ohe__block_260B,6.339822e-05
ohe__block_470C,6.3376545e-05
ohe__block_354B,6.331174e-05
ohe__block_83,6.300179e-05
ohe__block_85,6.298772e-05
ohe__block_291A,6.287736e-05
ohe__block_799,6.283661e-05
ohe__block_527D,6.256416e-05
ohe__block_308B,6.223601e-05
ohe__block_365B,6.17509e-05
ohe__block_761,6.1614504e-05
ohe__block_119A,6.150952e-05
ohe__block_120D,6.1286904e-05
ohe__block_601B,6.1245e-05
ohe__block_805,6.10595e-05
ohe__block_736,6.082137e-05
ohe__block_998A,6.071112e-05
ohe__block_890C,6.066969e-05
ohe__block_136,6.0490762e-05
ohe__block_596A,6.0463288e-05
ohe__block_66,6.020826e-05
ohe__block_467A,6.017901e-05
ohe__block_473A,6.015215e-05
ohe__block_318C,5.964592e-05
ohe__block_762,5.9566526e-05
ohe__block_335A,5.9464335e-05
ohe__block_493,5.916051e-05
ohe__block_217A,5.912126e-05
ohe__block_333C,5.9050803e-05
ohe__block_339,5.885225e-05
ohe__block_84,5.8734317e-05
ohe__block_987C,5.8730133e-05
ohe__block_448A,5.847101e-05
ohe__block_211A,5.8236234e-05
ohe__block_671,5.815261e-05
ohe__block_815A,5.8084144e-05
ohe__block_432D,5.7948975e-05
ohe__block_637,5.7879624e-05
ohe__block_684,5.763687e-05
ohe__block_108A,5.7404835e-05
ohe__block_104C,5.738257e-05
ohe__block_365,5.7321653e-05
ohe__block_634A,5.7174264e-05
ohe__block_186B,5.7094832e-05
ohe__block_123B,5.6912053e-05
ohe__block_972,5.681661e-05
ohe__block_230G,5.6805227e-05
ohe__block_673B,5.6706995e-05
ohe__block_894B,5.6661414e-05
ohe__block_218,5.6622932e-05
ohe__block_290G,5.6621102e-05
ohe__block_832,5.6477493e-05
ohe__block_670A,5.6393113e-05
ohe__block_913,5.6313493e-05
ohe__block_138B,5.599342e-05
ohe__block_829,5.5940614e-05
ohe__block_224C,5.5897137e-05
ohe__block_325B,5.5889574e-05
ohe__block_276A,5.5675082e-05
ohe__block_354D,5.565676e-05
ohe__block_170B,5.553099e-05
ohe__block_771,5.522493e-05
ohe__block_195A,5.5211218e-05
ohe__block_410A,5.470784e-05
ohe__block_452B,5.4532542e-05
ohe__block_220C,5.452806e-05
ohe__block_453A,5.4454205e-05
ohe__block_681A,5.441767e-05
ohe__block_484,5.4410746e-05
ohe__block_188B,5.4366108e-05
ohe__block_689E,5.431437e-05
ohe__block_322B,5.4209944e-05
ohe__block_617D,5.420864e-05
ohe__block_605A,5.397425e-05
ohe__block_530D,5.3881566e-05
ohe__block_914,5.383905e-05
ohe__block_682B,5.3752985e-05
ohe__block_399,5.3744487e-05
ohe__block_508B,5.3570617e-05
ohe__block_871C,5.3487212e-05
ohe__block_820,5.345449e-05
ohe__block_856,5.3446627e-05
ohe__block_94,5.343245e-05
ohe__block_132B,5.3430922e-05
ohe__block_296A,5.33337e-05
ohe__block_369,5.264204e-05
ohe__block_428A,5.2610656e-05
ohe__block_787,5.2520165e-05
ohe__block_868,5.230815e-05
ohe__block_477,5.226104e-05
ohe__block_180B,5.2230505e-05
ohe__block_942,5.2142128e-05
ohe__block_987B,5.2048297e-05
ohe__block_987D,5.2021293e-05
ohe__block_513A,5.1972893e-05
ohe__block_839,5.165824e-05
ohe__block_743,5.124442e-05
ohe__block_431A,5.114189e-05
ohe__block_669,5.1118408e-05
ohe__block_433B,5.108722e-05
ohe__block_676C,5.1073515e-05
ohe__block_272A,5.1042254e-05
ohe__block_94C,5.095477e-05
ohe__block_803,5.0943578e-05
ohe__block_458,5.0627084e-05
ohe__block_509A,5.055966e-05
ohe__block_466A,5.054498e-05
ohe__block_209A,5.0434683e-05
ohe__block_546B,5.0358147e-05
ohe__block_121C,5.0331782e-05
ohe__block_270A,4.9923656e-05
ohe__block_315A,4.9857026e-05
ohe__block_218B,4.9851755e-05
ohe__block_697B,4.980968e-05
ohe__block_118B,4.9602928e-05
ohe__block_632A,4.9564056e-05
ohe__block_441B,4.925239e-05
ohe__block_807C,4.9081962e-05
ohe__block_497D,4.9070266e-05
ohe__block_620,4.899694e-05
ohe__block_157D,4.8703077e-05
ohe__block_282,4.8558344e-05
ohe__block_270,4.8479338e-05
ohe__block_336A,4.8366364e-05
ohe__block_507A,4.802182e-05
ohe__block_140B,4.791448e-05
ohe__block_166A,4.7907368e-05
ohe__block_210B,4.7768848e-05
ohe__block_818A,4.7710084e-05
ohe__block_473,4.7708734e-05
ohe__block_747C,4.7508012e-05
ohe__block_663A,4.7400983e-05
ohe__block_782B,4.7399753e-05
ohe__block_809B,4.739108e-05
ohe__block_604A,4.733983e-05
ohe__block_204D,4.7077767e-05
ohe__block_360C,4.6990524e-05
ohe__block_250,4.68846e-05
ohe__block_94B,4.6859415e-05
ohe__block_609B,4.675641e-05
ohe__block_561B,4.670653e-05
ohe__block_493C,4.6632103e-05
ohe__block_391,4.657285e-05
ohe__block_759,4.6367786e-05
ohe__block_920,4.5528206e-05
ohe__block_524A,4.5346304e-05
ohe__block_780D,4.527571e-05
ohe__block_221A,4.5264653e-05
ohe__block_742,4.524746e-05
ohe__block_452A,4.52094e-05
ohe__block_440,4.5086985e-05
ohe__block_698C,4.4923716e-05
ohe__block_71,4.4895696e-05
ohe__block_105B,4.483356e-05
ohe__block_266C,4.4716875e-05
ohe__block_448C,4.4407752e-05
ohe__block_338B,4.4406148e-05
ohe__block_187B,4.4255783e-05
ohe__block_770,4.4158143e-05
ohe__block_668A,4.3952343e-05
ohe__block_411B,4.3804423e-05
ohe__block_475C,4.3699685e-05
ohe__block_163C,4.353903e-05
ohe__block_408A,4.349099e-05
ohe__block_449A,4.3284213e-05
ohe__block_502A,4.317811e-05
ohe__block_663B,4.29809e-05
ohe__block_377,4.2946158e-05
ohe__block_70A,4.2937158e-05
ohe__block_298B,4.283555e-05
ohe__block_453C,4.2625208e-05
ohe__block_164B,4.254595e-05
ohe__block_817,4.247878e-05
ohe__block_12B,4.172069e-05
ohe__block_375,4.168981e-05
ohe__block_528B,4.1562245e-05
ohe__block_440A,4.14939e-05
ohe__block_442B,4.147457e-05
ohe__block_248,4.1303352e-05
ohe__block_426B,4.1262527e-05
ohe__block_467B,4.1146912e-05
ohe__block_559,4.1126394e-05
ohe__block_279A,4.0724983e-05
ohe__block_455B,4.0597857e-05
ohe__block_439B,4.0445644e-05
ohe__block_484C,4.03065e-05
ohe__block_286C,4.0083814e-05
ohe__block_529,3.9964983e-05
ohe__block_509B,3.9953695e-05
ohe__block_344,3.991316e-05
ohe__block_151,3.9676077e-05
ohe__block_453D,3.947631e-05
ohe__block_506C,3.9434737e-05
ohe__block_917,3.9396462e-05
ohe__block_909,3.9280043e-05
ohe__block_217C,3.9235136e-05
ohe__block_184A,3.9161976e-05
ohe__block_673A,3.8641854e-05
ohe__block_201B,3.8557166e-05
ohe__block_389,3.8501905e-05
ohe__block_270C,3.8494345e-05
ohe__block_682A,3.820854e-05
ohe__block_780F,3.8106613e-05
ohe__block_129B,3.8062102e-05
ohe__block_81,3.792004e-05
ohe__block_457A,3.7906182e-05
ohe__block_410B,3.788932e-05
ohe__block_689,3.7853013e-05
ohe__block_316C,3.7748538e-05
ohe__block_298A,3.7626774e-05
ohe__block_565,3.74307e-05
ohe__block_507B,3.7139296e-05
ohe__block_666B,3.710797e-05
ohe__block_287C,3.7086316e-05
ohe__block_717B,3.7027712e-05
ohe__block_183A,3.702265e-05
ohe__block_256A,3.684328e-05
ohe__block_326C,3.6807825e-05
ohe__block_180A,3.6751837e-05
ohe__block_677A,3.644096e-05
ohe__block_186C,3.619499e-05
ohe__block_278C,3.615586e-05
ohe__block_808A,3.5907826e-05
ohe__block_530C,3.5695146e-05
ohe__block_314A,3.557515e-05
ohe__block_772,3.5187684e-05
ohe__block_477C,3.5111334e-05
ohe__block_863,3.4871788e-05
ohe__block_528C,3.4404595e-05
ohe__block_259B,3.4295506e-05
ohe__block_502D,3.4253044e-05
ohe__block_77A,3.421446e-05
ohe__block_655,3.4212168e-05
ohe__block_618A,3.4100223e-05
ohe__block_608A,3.4032884e-05
ohe__block_780A,3.4006443e-05
ohe__block_333A,3.4004144e-05
ohe__block_283,3.3976885e-05
ohe__block_510A,3.3885903e-05
ohe__block_633A,3.3773234e-05
ohe__block_606B,3.3740613e-05
ohe__block_101A,3.3703094e-05
ohe__block_132C,3.351789e-05
ohe__block_316B,3.3383083e-05
ohe__block_297A,3.336799e-05
ohe__block_520C,3.2711647e-05
ohe__block_272C,3.2321008e-05
ohe__block_561,3.1894608e-05
ohe__block_601A,3.179245e-05
ohe__block_612B,3.1593383e-05
ohe__block_737,3.1555963e-05
ohe__block_342B,3.136249e-05
ohe__block_988A,3.1165517e-05
ohe__block_988B,3.1128653e-05
ohe__block_209C,3.111579e-05
ohe__block_605C,3.109009e-05
ohe__block_609C,3.108821e-05
ohe__block_691D,3.0874286e-05
ohe__block_845,3.0781834e-05
ohe__block_482,3.0716685e-05
ohe__block_511C,3.066759e-05
ohe__block_418A,3.0641862e-05
ohe__block_921,3.0492944e-05
ohe__block_476D,3.0380073e-05
ohe__block_990C,3.0313673e-05
ohe__block_202A,3.0034847e-05
ohe__block_256C,2.991104e-05
ohe__block_814,2.9827928e-05
ohe__block_196B,2.976831e-05
ohe__block_486,2.9657609e-05
ohe__block_520A,2.9597262e-05
ohe__block_481,2.942709e-05
ohe__block_894,2.9421099e-05
ohe__block_140D,2.9222761e-05
ohe__block_748B,2.8899907e-05
ohe__block_333B,2.8875422e-05
ohe__block_432A,2.8627686e-05
ohe__block_784B,2.8592389e-05
ohe__block_610B,2.837931e-05
ohe__block_150A,2.8151957e-05
ohe__block_739,2.778883e-05
ohe__block_609D,2.7760745e-05
ohe__block_808,2.7717982e-05
ohe__block_330A,2.7564056e-05
ohe__block_871A,2.7420001e-05
ohe__block_461D,2.733905e-05
ohe__block_96B,2.7300748e-05
ohe__block_266D,2.7264998e-05
ohe__block_488B,2.7125512e-05
ohe__block_507C,2.673843e-05
ohe__block_362A,2.6693522e-05
ohe__block_347A,2.6493313e-05
ohe__block_511B,2.6472926e-05
ohe__block_466D,2.641409e-05
ohe__block_497H,2.641128e-05
ohe__block_458C,2.619894e-05
ohe__block_447B,2.5995074e-05
ohe__block_122A,2.5922038e-05
ohe__block_76,2.5758547e-05
ohe__block_92B,2.5652738e-05
ohe__block_659C,2.5514157e-05
ohe__block_117A,2.5407164e-05
ohe__block_336C,2.5144702e-05
ohe__block_352B,2.4986412e-05
ohe__block_785D,2.4968636e-05
ohe__block_574B,2.4940013e-05
ohe__block_893A,2.4897743e-05
ohe__block_211B,2.4892943e-05
ohe__block_440D,2.4882214e-05
ohe__block_879A,2.4771338e-05
ohe__block_996C,2.4658288e-05
ohe__block_468A,2.4617088e-05
ohe__block_887,2.457882e-05
ohe__block_492,2.4504385e-05
ohe__block_523A,2.444876e-05
ohe__block_513C,2.4274594e-05
ohe__block_520,2.4166342e-05
ohe__block_991A,2.413841e-05
ohe__block_497G,2.406633e-05
ohe__block_664A,2.3995324e-05
ohe__block_509,2.3994897e-05
ohe__block_808B,2.3899098e-05
ohe__block_168C,2.3897132e-05
ohe__block_501B,2.385893e-05
ohe__block_25A,2.3728293e-05
ohe__block_596C,2.346557e-05
ohe__block_530B,2.3325336e-05
ohe__block_100,2.3135115e-05
ohe__block_92A,2.312918e-05
ohe__block_102A,2.3005836e-05
ohe__block_128A,2.291692e-05
ohe__block_592C,2.2846021e-05
ohe__block_786C,2.263958e-05
ohe__block_472C,2.2506789e-05
ohe__block_550B,2.2463873e-05
ohe__block_979,2.2383529e-05
ohe__block_608B,2.216874e-05
ohe__block_842,2.2039985e-05
ohe__block_185C,2.2009091e-05
ohe__block_336B,2.1950058e-05
ohe__block_498B,2.1894053e-05
ohe__block_107A,2.1778247e-05
ohe__block_181B,2.168982e-05
ohe__block_498G,2.1611957e-05
ohe__block_102B,2.1574957e-05
ohe__block_571B,2.149927e-05
ohe__block_462B,2.1072736e-05
ohe__block_615C,2.0981895e-05
ohe__block_140C,2.0782094e-05
ohe__block_612A,2.0719912e-05
ohe__block_261C,2.071682e-05
ohe__block_505A,2.0408334e-05
ohe__block_663C,2.0356016e-05
ohe__block_745,2.0131069e-05
ohe__block_216D,2.0077905e-05
ohe__block_864A,2.0023552e-05
ohe__block_813A,1.9935322e-05
ohe__block_385,1.9846453e-05
ohe__block_487,1.9797799e-05
ohe__block_117B,1.9769894e-05
ohe__block_211C,1.9726574e-05
ohe__block_932A,1.9544432e-05
ohe__block_613C,1.9462283e-05
ohe__block_782E,1.938558e-05
ohe__block_348C,1.9277932e-05
ohe__block_432C,1.9160658e-05
ohe__block_498E,1.90693e-05
ohe__block_659B,1.9039495e-05
ohe__block_323C,1.9017825e-05
ohe__block_606D,1.8918592e-05
ohe__block_818B,1.8794326e-05
ohe__block_362C,1.840918e-05
ohe__block_435,1.830724e-05
ohe__block_466C,1.8266213e-05
ohe__block_899A,1.8250665e-05
ohe__block_183C,1.8158102e-05
ohe__block_351B,1.810632e-05
ohe__block_140A,1.8105327e-05
ohe__block_667,1.8049821e-05
ohe__block_512C,1.8026818e-05
ohe__block_162C,1.8019648e-05
ohe__block_636B,1.7920045e-05
ohe__block_200D,1.780604e-05
ohe__block_746,1.7788445e-05
ohe__block_795A,1.748798e-05
ohe__block_604B,1.7452532e-05
ohe__block_608C,1.7353874e-05
ohe__block_501A,1.732164e-05
ohe__block_456B,1.7308499e-05
ohe__block_450B,1.7201208e-05
ohe__block_661A,1.7139044e-05
ohe__block_601D,1.711641e-05
ohe__block_484A,1.7103695e-05
ohe__block_322D,1.6957953e-05
ohe__block_573B,1.694675e-05
ohe__block_204B,1.6802827e-05
ohe__block_311A,1.6797403e-05
ohe__block_318B,1.6783168e-05
ohe__block_988C,1.6508677e-05
ohe__block_431D,1.6445862e-05
ohe__block_475,1.6426526e-05
ohe__block_694A,1.6271892e-05
ohe__block_317B,1.5964884e-05
ohe__block_624B,1.5954156e-05
ohe__block_456A,1.576497e-05
ohe__block_363B,1.5739295e-05
ohe__block_276,1.5709637e-05
ohe__block_995C,1.5467765e-05
ohe__block_765,1.5374999e-05
ohe__block_886B,1.5254609e-05
ohe__block_435B,1.50137785e-05
ohe__block_862A,1.4952816e-05
ohe__block_589,1.4619204e-05
ohe__block_225C,1.4572382e-05
ohe__block_450A,1.4467195e-05
ohe__block_303B,1.4396872e-05
ohe__block_691B,1.4296855e-05
ohe__block_664B,1.4266428e-05
ohe__block_904,1.4234941e-05
ohe__block_223C,1.42152685e-05
ohe__block_547B,1.4136021e-05
ohe__block_448B,1.4122987e-05
ohe__block_438B,1.4090992e-05
ohe__block_522B,1.4058879e-05
ohe__block_662D,1.4007203e-05
ohe__block_498M,1.3886221e-05
ohe__block_104D,1.3799744e-05
ohe__block_872,1.36352855e-05
ohe__block_115A,1.3516741e-05
ohe__block_183B,1.3381305e-05
ohe__block_70B,1.3335378e-05
ohe__block_470A,1.323439e-05
ohe__block_783D,1.3234042e-05
ohe__block_232C,1.304809e-05
ohe__block_451A,1.3023621e-05
ohe__block_573A,1.2912814e-05
ohe__block_869B,1.2473629e-05
ohe__block_494D,1.231331e-05
ohe__block_783C,1.2253179e-05
ohe__block_873,1.2247412e-05
ohe__block_138D,1.2074607e-05
ohe__block_661B,1.2007186e-05
ohe__block_175B,1.1999058e-05
ohe__block_870A,1.1769714e-05
ohe__block_107D,1.1739505e-05
ohe__block_429B,1.1731468e-05
ohe__block_182B,1.1433525e-05
ohe__block_466B,1.1261467e-05
ohe__block_338A,1.1248313e-05
ohe__block_337B,1.0963823e-05
ohe__block_635,1.0834928e-05
ohe__block_593B,1.0834805e-05
ohe__block_693C,1.0658557e-05
ohe__block_830A,1.0379473e-05
ohe__block_363A,1.0229296e-05
ohe__block_527C,1.0167693e-05
ohe__block_210C,1.0055994e-05
ohe__block_281A,9.988025e-06
ohe__block_202B,9.946226e-06
ohe__block_201A,9.921933e-06
ohe__block_351C,9.883108e-06
ohe__block_605D,9.838109e-06
ohe__block_508A,9.770604e-06
ohe__block_200A,9.7336615e-06
ohe__block_665A,9.572004e-06
ohe__block_912,9.5662635e-06
ohe__block_297B,9.300083e-06
ohe__block_112A,9.262144e-06
ohe__block_461C,9.121019e-06
ohe__block_676A,9.0312715e-06
ohe__block_525C,8.936258e-06
ohe__block_886A,8.758291e-06
ohe__block_469B,8.611072e-06
ohe__block_662C,8.466753e-06
ohe__block_334C,8.260179e-06
ohe__block_131C,8.087053e-06
ohe__block_67,7.984567e-06
ohe__block_783B,7.977099e-06
ohe__block_784A,7.8821795e-06
ohe__block_665C,7.872947e-06
ohe__block_511A,7.645556e-06
ohe__block_606A,7.637726e-06
ohe__block_741,7.587768e-06
ohe__block_547C,7.562824e-06
ohe__block_275C,7.4965237e-06
ohe__block_890A,7.4690283e-06
ohe__block_356A,7.2163143e-06
ohe__block_484B,7.1720933e-06
ohe__block_670C,7.1572517e-06
ohe__block_438C,6.882788e-06
ohe__block_460D,6.8615846e-06
ohe__block_341A,6.856765e-06
ohe__block_662A,6.797506e-06
ohe__block_265E,6.770823e-06
ohe__block_703,6.7313313e-06
ohe__block_785C,6.5921085e-06
ohe__block_126B,6.541624e-06
ohe__block_491G,6.376275e-06
ohe__block_621,6.371944e-06
ohe__block_208A,6.359407e-06
ohe__block_634B,6.2511444e-06
ohe__block_818,6.1743235e-06
ohe__block_648D,6.0339466e-06
ohe__block_694D,5.6950125e-06
ohe__block_170A,5.6697795e-06
ohe__block_461B,5.6043273e-06
ohe__block_494G,5.584599e-06
ohe__block_571A,5.5323408e-06
ohe__block_892B,5.40516e-06
ohe__block_889B,5.231195e-06
ohe__block_298C,5.156567e-06
ohe__block_512B,5.1542825e-06
ohe__block_234B,5.1361076e-06
ohe__block_800,5.0756576e-06
ohe__block_486C,5.051393e-06
ohe__block_491,4.983721e-06
ohe__block_325A,4.9365963e-06
ohe__block_207C,4.8931925e-06
ohe__block_989A,4.738299e-06
ohe__block_821,4.630579e-06
ohe__block_178A,4.575043e-06
ohe__block_519A,4.451306e-06
ohe__block_443,4.396217e-06
ohe__block_256B,4.3935147e-06
ohe__block_547A,4.391581e-06
ohe__block_299,4.2120887e-06
ohe__block_128C,4.0223895e-06
ohe__block_443D,4.0004784e-06
ohe__block_784C,3.929436e-06
ohe__block_889A,3.914026e-06
ohe__block_688E,3.852595e-06
ohe__block_190B,3.7206464e-06
ohe__block_915,3.5803e-06
ohe__block_656D,3.56944e-06
ohe__block_617C,3.4660166e-06
ohe__block_171B,3.3358258e-06
ohe__block_458A,3.3223757e-06
ohe__block_436A,3.1757202e-06
ohe__block_195,3.1558648e-06
ohe__block_185B,3.1019454e-06
ohe__block_462C,3.0832991e-06
ohe__block_162B,3.0794865e-06
ohe__block_510B,2.9570695e-06
ohe__block_499A,2.857598e-06
ohe__block_780E,2.8345949e-06
ohe__block_693B,2.7360306e-06
ohe__block_462A,2.700216e-06
ohe__block_192,2.4417866e-06
ohe__block_167A,2.4103647e-06
ohe__block_415B,2.3574262e-06
ohe__block_797,2.2528225e-06
ohe__block_250C,2.2357656e-06
ohe__block_689D,2.2149989e-06
ohe__block_810A,2.1335436e-06
ohe__block_934,2.0466132e-06
ohe__block_342A,2.0247219e-06
ohe__block_70,1.9129823e-06
ohe__block_804A,1.8986119e-06
ohe__block_508C,1.8898594e-06
ohe__block_460A,1.7979377e-06
ohe__block_525B,1.7708305e-06
ohe__block_231A,1.767619e-06
ohe__block_463B,1.7494267e-06
ohe__block_366B,1.7205552e-06
ohe__block_573C,1.6085694e-06
ohe__block_546C,1.549358e-06
ohe__block_780C,1.5355917e-06
ohe__block_456,1.5025867e-06
ohe__block_640A,1.4685036e-06
ohe__block_463A,1.4486649e-06
ohe__block_411A,1.4236269e-06
ohe__block_450D,1.3787292e-06
ohe__block_12A,1.3252636e-06
ohe__block_334B,1.2033131e-06
ohe__block_623B,1.1620474e-06
ohe__block_617B,1.0980888e-06
ohe__block_488,1.061902e-06
ohe__block_121B,7.984949e-07
ohe__block_178C,7.9577217e-07
ohe__block_233B,7.767688e-07
ohe__block_674,7.427343e-07
ohe__block_665B,7.3235736e-07
ohe__block_694C,6.088447e-07
ohe__block_233C,5.180627e-07
ohe__block_980A,4.8289854e-07
ohe__block_196A,4.7601424e-07
ohe__block_501C,4.727327e-07
ohe__block_309B,3.95545e-07
ohe__block_491H,1.9145514e-07
ohe__block_587,1.6253442e-07
ohe__block_232B,1.4154215e-07
ohe__block_462D,1.3880262e-07
ohe__block_220B,8.0446576e-08
ohe__block_688B,3.391006e-08
ohe__block_158D,0.0
ohe__block_842C,0.0
ohe__block_996B,0.0
ohe__block_158C,0.0
ohe__block_261D,0.0
ohe__block_175C,0.0
ohe__block_303A,0.0
ohe__block_301C,0.0
ohe__block_868C,0.0
ohe__block_128D,0.0
ohe__block_998B,0.0
ohe__block_102D,0.0
ohe__block_174C,0.0
ohe__block_173D,0.0
ohe__block_302C,0.0
ohe__block_25B,0.0
ohe__block_301D,0.0
ohe__block_102C,0.0
ohe__block_305B,0.0
ohe__block_83A,0.0
ohe__block_101C,0.0
ohe__block_309C,0.0
ohe__block_250D,0.0
ohe__block_253A,0.0
ohe__block_158A,0.0
ohe__block_256D,0.0
ohe__block_258B,0.0
ohe__block_874,0.0
ohe__block_991B,0.0
ohe__block_992A,0.0
ohe__block_992B,0.0
ohe__block_993A,0.0
ohe__block_101D,0.0
ohe__block_995A,0.0
ohe__block_258D,0.0
ohe__block_307D,0.0
ohe__block_123E,0.0
ohe__block_305C,0.0
ohe__block_995B,0.0
ohe__block_264B,0.0
ohe__block_303D,0.0
ohe__block_996A,0.0
ohe__block_124A,0.0
ohe__block_262D,0.0
ohe__block_169B,0.0
ohe__block_301B,0.0
ohe__block_85B,0.0
ohe__block_84B,0.0
ohe__block_172B,0.0
ohe__block_291E,0.0
ohe__block_172A,0.0
ohe__block_291D,0.0
ohe__block_290F,0.0
ohe__block_290D,0.0
ohe__block_107C,0.0
ohe__block_167B,0.0
ohe__block_289G,0.0
ohe__block_289F,0.0
ohe__block_171A,0.0
ohe__block_276C,0.0
ohe__block_842E,0.0
ohe__block_287B,0.0
ohe__block_859A,0.0
ohe__block_276D,0.0
ohe__block_858B,0.0
ohe__block_858A,0.0
ohe__block_106C,0.0
ohe__block_857B,0.0
ohe__block_287A,0.0
ohe__block_857A,0.0
ohe__block_167C,0.0
ohe__block_285D,0.0
ohe__block_169C,0.0
ohe__block_161B,0.0
ohe__block_860A,0.0
ohe__block_860B,0.0
ohe__block_161A,0.0
ohe__block_300,0.0
ohe__block_124C,0.0
ohe__block_999B,0.0
ohe__block_264D,0.0
ohe__block_167D,0.0
ohe__block_159A,0.0
ohe__block_103B,0.0
ohe__block_99B,0.0
ohe__block_103C,0.0
ohe__block_26D,0.0
ohe__block_864,0.0
ohe__block_160A,0.0
ohe__block_863B,0.0
ohe__block_99C,0.0
ohe__block_863A,0.0
ohe__block_173B,0.0
ohe__block_160B,0.0
ohe__block_296D,0.0
ohe__block_173A,0.0
ohe__block_172C,0.0
ohe__block_271D,0.0
ohe__block_861,0.0
ohe__block_296C,0.0
ohe__block_294A,0.0
ohe__block_292C,0.0
ohe__block_173C,0.0
ohe__block_959,0.0
ohe__block_250B,0.0
ohe__block_189B,0.0
ohe__block_208C,0.0
ohe__block_208B,0.0
ohe__block_918,0.0
ohe__block_206D,0.0
ohe__block_206C,0.0
ohe__block_966,0.0
ohe__block_922,0.0
ohe__block_965,0.0
ohe__block_924,0.0
ohe__block_204A,0.0
ohe__block_926,0.0
ohe__block_203E,0.0
ohe__block_203C,0.0
ohe__block_203B,0.0
ohe__block_964,0.0
ohe__block_209B,0.0
ohe__block_969,0.0
ohe__block_223B,0.0
ohe__block_309D,0.0
ohe__block_186D,0.0
ohe__block_899C,0.0
ohe__block_222A,0.0
ohe__block_221C,0.0
ohe__block_188C,0.0
ohe__block_220A,0.0
ohe__block_219D,0.0
ohe__block_902,0.0
ohe__block_218D,0.0
ohe__block_218A,0.0
ohe__block_217D,0.0
ohe__block_908,0.0
ohe__block_216C,0.0
ohe__block_213C,0.0
ohe__block_212C,0.0
ohe__block_963,0.0
ohe__block_962,0.0
ohe__block_203A,0.0
ohe__block_202C,0.0
ohe__block_948,0.0
ohe__block_949,0.0
ohe__block_196C,0.0
ohe__block_195E,0.0
ohe__block_195C,0.0
ohe__block_195B,0.0
ohe__block_951,0.0
ohe__block_952,0.0
ohe__block_191B,0.0
ohe__block_953,0.0
ohe__block_105C,0.0
ohe__block_954,0.0
ohe__block_192C,0.0
ohe__block_957,0.0
ohe__block_192B,0.0
ohe__block_947,0.0
ohe__block_196D,0.0
ohe__block_197,0.0
ohe__block_200B,0.0
ohe__block_191A,0.0
ohe__block_932B,0.0
ohe__block_201D,0.0
ohe__block_960,0.0
ohe__block_936,0.0
ohe__block_937,0.0
ohe__block_939,0.0
ohe__block_198,0.0
ohe__block_199C,0.0
ohe__block_199B,0.0
ohe__block_105D,0.0
ohe__block_941,0.0
ohe__block_199A,0.0
ohe__block_943,0.0
ohe__block_971,0.0
ohe__block_185D,0.0
ohe__block_990B,0.0
ohe__block_231B,0.0
ohe__block_176D,0.0
ohe__block_230H,0.0
ohe__block_230E,0.0
ohe__block_230D,0.0
ohe__block_891,0.0
ohe__block_230C,0.0
ohe__block_891B,0.0
ohe__block_958,0.0
ohe__block_230B,0.0
ohe__block_178B,0.0
ohe__block_893,0.0
ohe__block_986C,0.0
ohe__block_985B,0.0
ohe__block_985A,0.0
ohe__block_984D,0.0
ohe__block_889C,0.0
ohe__block_176C,0.0
ohe__block_899,0.0
ohe__block_888A,0.0
ohe__block_879B,0.0
ohe__block_990A,0.0
ohe__block_175D,0.0
ohe__block_880A,0.0
ohe__block_989D,0.0
ohe__block_883,0.0
ohe__block_884,0.0
ohe__block_885,0.0
ohe__block_886,0.0
ohe__block_176A,0.0
ohe__block_886C,0.0
ohe__block_886D,0.0
ohe__block_176B,0.0
ohe__block_887B,0.0
ohe__block_887C,0.0
ohe__block_228C,0.0
ohe__block_893C,0.0
ohe__block_984B,0.0
ohe__block_984A,0.0
ohe__block_979A,0.0
ohe__block_978D,0.0
ohe__block_896B,0.0
ohe__block_978C,0.0
ohe__block_184C,0.0
ohe__block_977,0.0
ohe__block_224A,0.0
ohe__block_897,0.0
ohe__block_897A,0.0
ohe__block_976,0.0
ohe__block_897B,0.0
ohe__block_897C,0.0
ohe__block_975,0.0
ohe__block_898,0.0
ohe__block_898B,0.0
ohe__block_184B,0.0
ohe__block_896A,0.0
ohe__block_896,0.0
ohe__block_894D,0.0
ohe__block_981D,0.0
ohe__block_893D,0.0
ohe__block_981C,0.0
ohe__block_228A,0.0
ohe__block_227D,0.0
ohe__block_894C,0.0
ohe__block_981B,0.0
ohe__block_225A,0.0
ohe__block_981A,0.0
ohe__block_226F,0.0
ohe__block_980D,0.0
ohe__block_980C,0.0
ohe__block_225B,0.0
ohe__block_980,0.0
ohe__block_892,0.0
ohe__block_365D,0.0
ohe__block_123C,0.0
ohe__block_110C,0.0
ohe__block_668D,0.0
ohe__block_504B,0.0
ohe__block_503C,0.0
ohe__block_503B,0.0
ohe__block_669C,0.0
ohe__block_502C,0.0
ohe__block_502B,0.0
ohe__block_110D,0.0
ohe__block_671C,0.0
ohe__block_498L,0.0
ohe__block_524B,0.0
ohe__block_498H,0.0
ohe__block_673,0.0
ohe__block_498A,0.0
ohe__block_674B,0.0
ohe__block_675,0.0
ohe__block_498,0.0
ohe__block_675C,0.0
ohe__block_676,0.0
ohe__block_497F,0.0
ohe__block_668C,0.0
ohe__block_504C,0.0
ohe__block_505C,0.0
ohe__block_506B,0.0
ohe__block_523C,0.0
ohe__block_656C,0.0
ohe__block_657A,0.0
ohe__block_657B,0.0
ohe__block_658A,0.0
ohe__block_658B,0.0
ohe__block_658D,0.0
ohe__block_659,0.0
ohe__block_659D,0.0
ohe__block_660A,0.0
ohe__block_518D,0.0
ohe__block_117C,0.0
ohe__block_515D,0.0
ohe__block_515C,0.0
ohe__block_661D,0.0
ohe__block_512A,0.0
ohe__block_663D,0.0
ohe__block_664D,0.0
ohe__block_667C,0.0
ohe__block_497B,0.0
ohe__block_497A,0.0
ohe__block_496G,0.0
ohe__block_494,0.0
ohe__block_493D,0.0
ohe__block_682D,0.0
ohe__block_493A,0.0
ohe__block_492G,0.0
ohe__block_492D,0.0
ohe__block_492C,0.0
ohe__block_683D,0.0
ohe__block_491F,0.0
ohe__block_491E,0.0
ohe__block_491D,0.0
ohe__block_491B,0.0
ohe__block_491A,0.0
ohe__block_490C,0.0
ohe__block_490B,0.0
ohe__block_490A,0.0
ohe__block_48A,0.0
ohe__block_686D,0.0
ohe__block_687,0.0
ohe__block_489D,0.0
ohe__block_493E,0.0
ohe__block_494B,0.0
ohe__block_496E,0.0
ohe__block_681D,0.0
ohe__block_496D,0.0
ohe__block_496C,0.0
ohe__block_495F,0.0
ohe__block_495E,0.0
ohe__block_495D,0.0
ohe__block_678B,0.0
ohe__block_495C,0.0
ohe__block_678D,0.0
ohe__block_495B,0.0
ohe__block_495A,0.0
ohe__block_679B,0.0
ohe__block_495,0.0
ohe__block_494H,0.0
ohe__block_494E,0.0
ohe__block_680B,0.0
ohe__block_680C,0.0
ohe__block_681,0.0
ohe__block_681B,0.0
ohe__block_494C,0.0
ohe__block_656A,0.0
ohe__block_524C,0.0
ohe__block_687C,0.0
ohe__block_628A,0.0
ohe__block_113C,0.0
ohe__block_623A,0.0
ohe__block_59A,0.0
ohe__block_624A,0.0
ohe__block_625A,0.0
ohe__block_625B,0.0
ohe__block_592B,0.0
ohe__block_592A,0.0
ohe__block_590C,0.0
ohe__block_628B,0.0
ohe__block_654C,0.0
ohe__block_590B,0.0
ohe__block_62A,0.0
ohe__block_62B,0.0
ohe__block_589D,0.0
ohe__block_589A,0.0
ohe__block_115B,0.0
ohe__block_632B,0.0
ohe__block_632C,0.0
ohe__block_633B,0.0
ohe__block_622C,0.0
ohe__block_622B,0.0
ohe__block_622A,0.0
ohe__block_59C,0.0
ohe__block_610A,0.0
ohe__block_612C,0.0
ohe__block_612D,0.0
ohe__block_609A,0.0
ohe__block_613D,0.0
ohe__block_614A,0.0
ohe__block_615A,0.0
ohe__block_615B,0.0
ohe__block_606C,0.0
ohe__block_605B,0.0
ohe__block_604C,0.0
ohe__block_603B,0.0
ohe__block_619A,0.0
ohe__block_603A,0.0
ohe__block_602C,0.0
ohe__block_619D,0.0
ohe__block_61A,0.0
ohe__block_602B,0.0
ohe__block_602A,0.0
ohe__block_633C,0.0
ohe__block_578,0.0
ohe__block_635B,0.0
ohe__block_549B,0.0
ohe__block_548A,0.0
ohe__block_648A,0.0
ohe__block_648B,0.0
ohe__block_648C,0.0
ohe__block_649A,0.0
ohe__block_649B,0.0
ohe__block_546A,0.0
ohe__block_650A,0.0
ohe__block_650B,0.0
ohe__block_650C,0.0
ohe__block_546,0.0
ohe__block_116C,0.0
ohe__block_652A,0.0
ohe__block_652B,0.0
ohe__block_652C,0.0
ohe__block_653,0.0
ohe__block_527B,0.0
ohe__block_526C,0.0
ohe__block_654A,0.0
ohe__block_548B,0.0
ohe__block_557,0.0
ohe__block_635C,0.0
ohe__block_642C,0.0
ohe__block_571C,0.0
ohe__block_571,0.0
ohe__block_637B,0.0
ohe__block_637C,0.0
ohe__block_570B,0.0
ohe__block_570A,0.0
ohe__block_638A,0.0
ohe__block_638B,0.0
ohe__block_638C,0.0
ohe__block_567,0.0
ohe__block_566,0.0
ohe__block_564,0.0
ohe__block_561A,0.0
ohe__block_641A,0.0
ohe__block_641B,0.0
ohe__block_641C,0.0
ohe__block_560A,0.0
ohe__block_642A,0.0
ohe__block_642B,0.0
ohe__block_489,0.0
ohe__block_687D,0.0
ohe__block_314C,0.0
ohe__block_356B,0.0
ohe__block_359A,0.0
ohe__block_793,0.0
ohe__block_794,0.0
ohe__block_795,0.0
ohe__block_357C,0.0
ohe__block_796A,0.0
ohe__block_357A,0.0
ohe__block_356C,0.0
ohe__block_109C,0.0
ohe__block_79D,0.0
ohe__block_781,0.0
ohe__block_353C,0.0
ohe__block_353A,0.0
ohe__block_801A,0.0
ohe__block_801B,0.0
ohe__block_801C,0.0
ohe__block_801D,0.0
ohe__block_802,0.0
ohe__block_351A,0.0
ohe__block_802B,0.0
ohe__block_359C,0.0
ohe__block_360B,0.0
ohe__block_362B,0.0
ohe__block_788B,0.0
ohe__block_376C,0.0
ohe__block_376B,0.0
ohe__block_782C,0.0
ohe__block_376A,0.0
ohe__block_783,0.0
ohe__block_109D,0.0
ohe__block_367A,0.0
ohe__block_785B,0.0
ohe__block_366A,0.0
ohe__block_786B,0.0
ohe__block_610C,0.0
ohe__block_364B,0.0
ohe__block_786F,0.0
ohe__block_364A,0.0
ohe__block_787B,0.0
ohe__block_787C,0.0
ohe__block_787D,0.0
ohe__block_787E,0.0
ohe__block_364,0.0
ohe__block_802C,0.0
ohe__block_350B,0.0
ohe__block_122D,0.0
ohe__block_334A,0.0
ohe__block_332A,0.0
ohe__block_331C,0.0
ohe__block_815C,0.0
ohe__block_331B,0.0
ohe__block_330B,0.0
ohe__block_329A,0.0
ohe__block_817A,0.0
ohe__block_817B,0.0
ohe__block_817C,0.0
ohe__block_326D,0.0
ohe__block_324B,0.0
ohe__block_324A,0.0
ohe__block_81B,0.0
ohe__block_321B,0.0
ohe__block_320C,0.0
ohe__block_320B,0.0
ohe__block_320A,0.0
ohe__block_123A,0.0
ohe__block_318D,0.0
ohe__block_333D,0.0
ohe__block_812B,0.0
ohe__block_803C,0.0
ohe__block_812,0.0
ohe__block_803D,0.0
ohe__block_804B,0.0
ohe__block_805A,0.0
ohe__block_805B,0.0
ohe__block_805C,0.0
ohe__block_806,0.0
ohe__block_341B,0.0
ohe__block_340B,0.0
ohe__block_340A,0.0
ohe__block_339C,0.0
ohe__block_339A,0.0
ohe__block_337D,0.0
ohe__block_809A,0.0
ohe__block_337C,0.0
ohe__block_337A,0.0
ohe__block_810,0.0
ohe__block_810B,0.0
ohe__block_122E,0.0
ohe__block_334D,0.0
ohe__block_782,0.0
ohe__block_379,0.0
ohe__block_688,0.0
ohe__block_469C,0.0
ohe__block_484D,0.0
ohe__block_698,0.0
ohe__block_698B,0.0
ohe__block_473B,0.0
ohe__block_698D,0.0
ohe__block_699,0.0
ohe__block_699A,0.0
ohe__block_699C,0.0
ohe__block_471C,0.0
ohe__block_700,0.0
ohe__block_380,0.0
ohe__block_468B,0.0
ohe__block_463,0.0
ohe__block_460C,0.0
ohe__block_460B,0.0
ohe__block_458B,0.0
ohe__block_455C,0.0
ohe__block_450F,0.0
ohe__block_450E,0.0
ohe__block_446C,0.0
ohe__block_694B,0.0
ohe__block_485A,0.0
ohe__block_485C,0.0
ohe__block_485D,0.0
ohe__block_688A,0.0
ohe__block_688C,0.0
ohe__block_688D,0.0
ohe__block_688F,0.0
ohe__block_488D,0.0
ohe__block_488C,0.0
ohe__block_689C,0.0
ohe__block_689F,0.0
ohe__block_110B,0.0
ohe__block_487B,0.0
ohe__block_690A,0.0
ohe__block_690C,0.0
ohe__block_690D,0.0
ohe__block_690E,0.0
ohe__block_690F,0.0
ohe__block_691A,0.0
ohe__block_691C,0.0
ohe__block_692,0.0
ohe__block_486B,0.0
ohe__block_446B,0.0
ohe__block_730,0.0
ohe__block_732,0.0
ohe__block_409B,0.0
ohe__block_409A,0.0
ohe__block_764A,0.0
ohe__block_408C,0.0
ohe__block_407A,0.0
ohe__block_406C,0.0
ohe__block_406A,0.0
ohe__block_405B,0.0
ohe__block_404A,0.0
ohe__block_3C,0.0
ohe__block_398,0.0
ohe__block_397,0.0
ohe__block_396,0.0
ohe__block_388,0.0
ohe__block_387,0.0
ohe__block_382,0.0
ohe__block_779,0.0
ohe__block_381,0.0
ohe__block_780,0.0
ohe__block_780B,0.0
ohe__block_763,0.0
ohe__block_410C,0.0
ohe__block_734,0.0
ohe__block_75C,0.0
ohe__block_735,0.0
ohe__block_437A,0.0
ohe__block_436D,0.0
ohe__block_436B,0.0
ohe__block_434A,0.0
ohe__block_433A,0.0
ohe__block_432,0.0
ohe__block_431C,0.0
ohe__block_431B,0.0
ohe__block_430C,0.0
ohe__block_429A,0.0
ohe__block_424D,0.0
ohe__block_424C,0.0
ohe__block_424B,0.0
ohe__block_424A,0.0
ohe__block_418B,0.0
ohe__block_413B,0.0
ohe__block_412B,0.0
ohe__block_412A,0.0
ohe__block_497C,0.0
